source_type,source_name,date,title,content,meta_url,meta_author,meta_data_type,meta_indicator,meta_value,meta_city,meta_country,meta_temperature,meta_wind_speed,meta_weather_main,meta_weather_description,meta_humidity,meta_pressure,meta_clouds,meta_lat,meta_lon,meta_source,meta_story_id,meta_points,meta_num_comments
news,BusinessLine,2026-05-23,"How climate-resilient agriculture, sustainable farming are emerging as key investment focus within India’s agtech ecosystem","Indian agriculture is walking into an arithmetic problem that credit lines, market access and last-mile delivery cannot solve. The country feeds 1.4 billion people on roughly 4 per cent of the worlds…",https://www.thehindubusinessline.com/economy/agri-business/how-climate-resilient-agriculture-sustain,Ashish   Choudhury,,,,,,,,,,,,,,,,,,
news,Disneytouristblog.com,2026-05-23,Why It’s Time to Bring Back the Disney Store for Real.,"Few things excited me as a kid like my family’s pilgrimages to the mall. We’d pile into my grandparents’ Bronco, and head to Woodland Mall with a long list of different destinations that everyone wan…",https://www.disneytouristblog.com/retro-disney-store-return-nostalgia/,Tom Bricker,,,,,,,,,,,,,,,,,,
news,The Punch,2026-05-22,"Rising poultry costs push eggs, chicken beyond reach","Nigerias poultry industry is facing a serious production crisis, raising concerns over food security, protein supply, and malnutrition risks. Shortages of day-old chicks, delayed deliveries, rising f…",https://punchng.com/rising-poultry-costs-push-eggs-chicken-beyond-reach/,Punch Newspapers,,,,,,,,,,,,,,,,,,
news,Golf.com,2026-05-22,What Brooks Koepka said about new putter before season-best round | Tour Report,"Welcome to Fully Equippeds weekly Tour equipment report. Every Friday of PGA Tour weeks (plus other times, if news warrants), GOLF equipment editor Jack Hirsh runs you through some of the biggest new…",https://golf.com/gear/putters/brooks-koepka-new-putter-tour-report/,Jack Hirsh,,,,,,,,,,,,,,,,,,
news,Pypi.org,2026-05-22,granary-harness added to PyPI,"A bio-inspired modular containment and zero-trust security framework for autonomous agents. Originally developed alongside the living-nn ecosystem, Granary is now a standalone package that acts as a …",https://pypi.org/project/granary-harness/,klasickars@gmail.com,,,,,,,,,,,,,,,,,,
news,Streetartutopia.com,2026-05-22,Underpasses That Became Secret Art Worlds (12 Photos),"Most liked mode is active for this post: images are ranked by community likes.
Here are 12 tunnels, bridges, and forgotten walkways that become fox dens, eagle caves, rainbow reading rooms, alien po…",https://streetartutopia.com/2026/05/23/underpasses-that-became-secret-art-worlds/,Vidar,,,,,,,,,,,,,,,,,,
news,ComicBook.com,2026-05-22,Spider-Noir is Proof There’s Way More to Spider-Man Than the MCU (Review),"It would be quite simple to dismiss Amazon and MGM+’s new Spider-Man series, Spider-Noir, as a gimmick. It is, after all, a noir-soaked pastiche, starring Nicolas Cage as an aging (retired) superhero…",http://comicbook.com/tv-shows/review/spider-noir-tv-review/,Simon Gallagher,,,,,,,,,,,,,,,,,,
news,Gizmodo.com,2026-05-22,Here’s the Executive Order on AI That Gave Trump Cold Feet,"We finally have a look at the actual draft executive order on AI safeguards that President Donald Trump abruptly decided not to sign on Thursday.
The executive order would have created a framework f…",https://gizmodo.com/heres-the-executive-order-on-ai-that-gave-trump-cold-feet-2000762751,Bruce Gil,,,,,,,,,,,,,,,,,,
news,Pypi.org,2026-05-22,cognitive-firm added to PyPI,"A governance kernel for organizations that coordinate persistent human and agent roles.
Identity · Who it's for · Architecture · Repository map · Quickstart · Production · Status · Adoption · Licens…",https://pypi.org/project/cognitive-firm/,None,,,,,,,,,,,,,,,,,,
news,Breitbart News,2026-05-22,AI Fail: Starbucks Abandons AI-Powered Inventory Tool After Only 9 Months,"Starbucks is scrapping an AI-powered inventory management system after less than a year of use, following widespread complaints from employees about inaccurate tracking and frequent errors.
Reuters …",https://www.breitbart.com/tech/2026/05/22/ai-fail-starbucks-abandons-ai-powered-inventory-tool-after,Lucas Nolan,,,,,,,,,,,,,,,,,,
news,Financial Post,2026-05-22,EU Warns Companies to Diversify Supply Lines From China Faster,"(Bloomberg) The European Unions industry chief said that businesses on the continent havent done enough to reduce major dependencies on China.
THIS CONTENT IS RESERVED FOR SUBSCRIBERS ONLY
Subscrib…",https://financialpost.com/pmn/business-pmn/eu-warns-companies-to-diversify-supply-lines-from-china-f,Bloomberg News,,,,,,,,,,,,,,,,,,
news,Davidoks.blog,2026-05-22,Why Japanese companies do so many different things,"Consider Toto.
If you spend much time in American public bathrooms, or rather if youre simply a particularly attentive patron of American public bathrooms, youll probably have noticed Totos toilets …",https://davidoks.blog/p/why-japanese-companies-do-so-many,David Oks,,,,,,,,,,,,,,,,,,
news,The Next Web,2026-05-22,Wingtech sues Nexperia in Chinese court over Dutch government’s semiconductor seizure,"TL;DR
Wingtech Technology has sued its subsidiary Nexperia in a Chinese court, seeking at least 8 billion yuan ($1.1 billion) in damages over the Dutch governments seizure of the chipmaker. The laws…",https://thenextweb.com/news/wingtech-sues-nexperia-in-chinese-court-over-dutch-governments-semicondu,Alina Maria Stan,,,,,,,,,,,,,,,,,,
news,GlobeNewswire,2026-05-22,Global Healthcare Logistics Market to Hit USD 250.17 Billion by 2035 | Research by SNS Insider,"Austin, United States, May 22, 2026 (GLOBE NEWSWIRE) -- SNS Insider reported that global Healthcare Logistics Market was valued at USD 96.15 Billion in 2025 and is projected to reach USD 250.17 Billi…",https://www.globenewswire.com/news-release/2026/05/22/3300226/0/en/Global-Healthcare-Logistics-Marke,SNS Insider pvt ltd,,,,,,,,,,,,,,,,,,
news,Universe Today,2026-05-22,Is Dust the Best Thing in the Universe? Part 3: Tiny Chemistry Labs,"(This is Part 3 of a series on cosmic dust. Read Part 1 and Part 2 first.)
But you know what? Now that I think about it. This dust that's so ever-present and annoying and pervasive and aggravating..…",https://www.universetoday.com/articles/is-dust-the-best-thing-in-the-universe-part-3-tiny-chemistry-,"Paul Sutter, Paul Sutter (https://www.universetoday.com/authors/pmsutter)",,,,,,,,,,,,,,,,,,
news,PRNewswire,2026-05-22,Global Road Marking Paints & Coatings Market Outlook 2036: India and China Dominate Growth While 3M Company and PPG Traffic Solutions Lead Innovation,"NEWARK, Del., May 22, 2026 /PRNewswire/ -- According to the latest market analysis by Future Market Insights (FMI), the global road marking paints and coatings market is witnessing strong demand as g…",https://www.prnewswire.com/news-releases/global-road-marking-paints--coatings-market-outlook-2036-in,None,,,,,,,,,,,,,,,,,,
news,PR Newswire UK,2026-05-22,"Cold Chain Monitoring Market Expands Rapidly as Pharma, Vaccine, and Food Logistics Demand Advanced Monitoring Solutions | Valuates Reports","BANGALORE, India, May 22, 2026 /PRNewswire/ --
What is the Market Size of Cold Chain Monitoring?
According to Valuates Reports, The global Cold Chain Monitoring market was valued at USD 7414 Millio…",https://www.prnewswire.co.uk/news-releases/cold-chain-monitoring-market-expands-rapidly-as-pharma-va,None,,,,,,,,,,,,,,,,,,
news,PR Newswire UK,2026-05-22,Global Road Marking Paints & Coatings Market Outlook 2036: India and China Dominate Growth While 3M Company and PPG Traffic Solutions Lead Innovation,"NEWARK, Del., May 22, 2026 /PRNewswire/ -- According to the latest market analysis by Future Market Insights (FMI), the global road marking paints and coatings market is witnessing strong demand as g…",https://www.prnewswire.co.uk/news-releases/global-road-marking-paints--coatings-market-outlook-2036-,None,,,,,,,,,,,,,,,,,,
news,PRNewswire,2026-05-22,"Cold Chain Monitoring Market Expands Rapidly as Pharma, Vaccine, and Food Logistics Demand Advanced Monitoring Solutions | Valuates Reports","BANGALORE, India, May 22, 2026 /PRNewswire/ --
What is the Market Size of Cold Chain Monitoring?
According to Valuates Reports, The global Cold Chain Monitoring market was valued at USD 7414 Millio…",https://www.prnewswire.com/news-releases/cold-chain-monitoring-market-expands-rapidly-as-pharma-vacc,None,,,,,,,,,,,,,,,,,,
news,Americanthinker.com,2026-05-23,How the Digital Switchboard Turns Conformity into Evil,"History’s worst crimes are not usually carried out by cartoon villains. They are carried out by ordinary people who tell themselves they are only following orders, only keeping the peace, only doing …",https://www.americanthinker.com/articles/2026/05/how_the_digital_switchboard_turns_conformity_into_e,None,,,,,,,,,,,,,,,,,,
news,Blogspot.com,2026-05-23,Health Canada EXPOSED After Hiding Vaccine Manufacturing Secrets,"Health Canada has sidestepped detailed parliamentary questions about the manufacturing oversight of the plasmid DNA template used in the modified RNA-based COVID-19 vaccines, prompting renewed critic…",http://parliamentarianobserver.blogspot.com/2026/05/health-canada-exposed-after-hiding.html,Paul Lauzon's Blogs,,,,,,,,,,,,,,,,,,
news,Techdirt,2026-05-23,"The FDA Takes Its Turn Burying Studies Showing The Safety Of COVID, Shingles Vaccines","from the government-by-ostrich dept
The fuckery that is going on across HHS and vaccine programs is just plain incredible. As the Trump administration continues to provide whatever cover it can so t…",https://www.techdirt.com/2026/05/22/the-fda-takes-its-turn-burying-studies-showing-the-safety-of-cov,Timothy Geigner,,,,,,,,,,,,,,,,,,
news,Forbes,2026-05-23,Senator Bill Cassidy Is A Case Study In Public Health And Political Risk,"US Senator Bill Cassidy, Republican of Louisiana, attends a US Senate Finance Committee business meeting to consider the nomination of Robert F. Kennedy, Jr. to be Secretary of Health and Human Servi…",https://www.forbes.com/sites/briancastrucci/2026/05/22/senator-bill-cassidy-is-a-case-study-in-publi,"Brian Castrucci, Contributor, 
 Brian Castrucci, Contributor
 https://www.forbes.com/sites/briancast",,,,,,,,,,,,,,,,,,
news,CBC News,2026-05-23,Manitoba expands who can get free hepatitis A vaccine as outbreak's death toll rises to 4,"Staff and volunteers with organizations that work with Winnipeg's homeless community are now on the growing list of those eligible for free vaccination against hepatitis A.
The Manitoba outbreak dec…",https://www.cbc.ca/news/canada/manitoba/hepatitis-vaccine-eligibility-homelessness-9.7209697,None,,,,,,,,,,,,,,,,,,
news,ABC News (AU),2026-05-23,WA health official wants more support to stem 'rare' diphtheria outbreak,"Vaccination alone will not be enough to stop the ""rare outbreak"" of diphtheria from spreading in Western Australia, with the state likely to seek federal support to ensure remote communities are full…",https://www.abc.net.au/news/2026-05-23/health-official-wants-more-support-diphtheria-outbreak/106710,"Dunja Karagic, Giulia Bertoglio, and Jemillah Dawson",,,,,,,,,,,,,,,,,,
news,Justthenews.com,2026-05-23,Congo enacts lockdown measures reminiscent of COVID-19 in response to Ebola outbreak,"Authorities in the northeastern region of Congo, where an outbreak of Ebola is believed to have claimed nearly 200 lives, have banned funerals and gathers of more than 50 people. 
The World Health O…",https://justthenews.com/politics-policy/health/congo-enacts-lockdown-measures-reminiscent-covid-19-r,Kevin Killough,,,,,,,,,,,,,,,,,,
news,Alltoc.com,2026-05-23,What did FDA say about child deaths from Covid shots? #health,"FDA: no child deaths definitively linked to Covid vaccines
The U.S. Food and Drug Administration (FDA) published an assessment stating that no child deaths have been definitively linked to Covid vac…",https://alltoc.com/health/what-did-fda-say-about-child-deaths-from-covid-shots,AllToc,,,,,,,,,,,,,,,,,,
news,Nature.com,2026-05-23,ZNF274 constrains lineage plasticity and drives intrinsic resistance to CDK7 inhibitors in pancreatic cancer,"<li>Human Biology Division, Fred Hutchinson Cancer Center, Seattle, WA, USA
Jessica E. Gianopulos, Aidan Schutter, Stephanie Dobersch, Adrianne Wallace-Povirk, Luke Mangino, Naomi Yamamoto, Liberali…",https://www.nature.com/articles/s41467-026-73380-x,"Jessica E. Gianopulos, Aidan Schutter, Stephanie Dobersch, Adrianne Wallace-Povirk, Sophie E. Kogut,",,,,,,,,,,,,,,,,,,
news,Nature.com,2026-05-23,Counterfactual evaluation of elementary and secondary school policies in the COVID-19 pandemic,Understanding the role of elementary and secondary schools in SARS-CoV-2 transmission is essential for designing effective public health policies. We developed a stochastic age-stratified transmissio…,https://www.nature.com/articles/s41467-026-73344-1,"Benedetta Canfora, Rey Audie Escosio, Otilia Boldea, Ana Nunes, Ganna Rozhnova",,,,,,,,,,,,,,,,,,
news,Fox News,2026-05-22,The worst and most cringe-worthy moments from Stephen Colbert’s now-canceled 'Late Show',"Stephen Colberts run as host of CBS' ""The Late Show"" is done, and to that I say, ""Good riddance!"" Colbert took over a gold mine. A golden ticket. A wealth in terms of platform in late night televisio…",https://www.foxnews.com/outkick-analysis/worst-cringe-worthy-moments-stephen-colberts-canceled-late-,None,,,,,,,,,,,,,,,,,,
news,Freethoughtblogs.com,2026-05-22,Will This Be the Coldest Summer of the Rest of Your Life?,"There’s a scene in The Simpsons Movie that has become a regular in conversations about the world getting worse in various ways. Bart says, “this is the worst day of my life”, and Homer responds with …",https://freethoughtblogs.com/oceanoxia/2026/05/22/will-this-be-the-coldest-summer-of-the-rest-of-you,Oceanoxia,,,,,,,,,,,,,,,,,,
news,Citynews.ca,2026-05-22,Health officials warn of possible measles exposure at York Region hospital,"Public health officials are making the public aware of a possible measles exposure in York Region.
York Region Public Health says anyone who attended the emergency room at Mackenzie Health Hospital …",https://toronto.citynews.ca/2026/05/22/health-officials-warn-of-possible-measles-exposure-at-york-re,John Marchesan,,,,,,,,,,,,,,,,,,
news,ABC News (AU),2026-05-22,WHO upgrades risk assessment for Ebola outbreak in DRC to 'very high',"The World Health Organization has raised its risk assessment of the Bundibugyo strain of Ebola turning into a national outbreak in the Democratic Republic of Congo (DRC) to ""very high"".
The strain, …",https://www.abc.net.au/news/2026-05-23/congo-ebola-strain-bundibugyo-risk-assessment-upped-very-high,None,,,,,,,,,,,,,,,,,,
news,Japan Today,2026-05-22,WHO raises risk of Ebola outbreak in Congo to 'very high' at national level,"The World Health Organization has raised the risk of the Bundibugyo strain of Ebola turning into a national outbreak in the Democratic Republic of Congo to ""very high"".
The strain, for which there i…",https://japantoday.com/category/world/who-raises-risk-of-ebola-outbreak-in-congo-to-%27very-high%27-,None,,,,,,,,,,,,,,,,,,
news,The Punch,2026-05-22,"Ebola risk now at highest level in DR Congo, says WHO","The risk from the deadly Ebola outbreak has been raised to the highest level for the Democratic Republic of Congo, the World Health Organization said Friday, as the toll continued to rise.
There are…",https://punchng.com/ebola-risk-now-at-highest-level-in-dr-congo-says-who/,Punch Newspapers,,,,,,,,,,,,,,,,,,
news,NBC News,2026-05-22,"No child deaths definitively linked to Covid shots, FDA says","No child deaths have been definitively linked to Covid vaccines, according to a report from the Food and Drug Administration that was quietly made public last week. 
Subscribe to read this story ad-…",https://www.nbcnews.com/health/health-news/no-child-deaths-definitively-linked-covid-shots-fda-says-,Berkeley Lovelace Jr.,,,,,,,,,,,,,,,,,,
news,CBC News,2026-05-22,"Ebola survivor calls for compassion as fear, unrest spread during outbreak","Twelve years ago, on a hot, summer morning in Monrovia, Liberia, Dr. Kent Brantly woke up with an upset stomach. 
I was praying that it was not Ebola, he recalled. He thought maybe it was malaria be…",https://www.cbc.ca/news/world/ebola-survivor-addresses-unrest-9.7208998,None,,,,,,,,,,,,,,,,,,
news,BroBible,2026-05-22,Former CDC Director Concerned The Ebola Outbreak Could Become A ‘Very Significant Pandemic’,"iStockphoto composite
Former Centers for Disease Control and Prevention (CDC) director Robert Redfield has gone on record saying he suspects the recent Ebola outbreak is going to become a “very sign…",https://brobible.com/culture/article/former-cdc-director-robert-redfield-ebola-outbreak-pandemic/,Douglas Charles,,,,,,,,,,,,,,,,,,
news,The-independent.com,2026-05-22,Bobcat fever is spreading in the US. Here’s what to know to protect your feline friend,"Your support helps us to tell the story
From reproductive rights to climate change to Big Tech, The Independent is on the ground when the story is developing. Whether it's investigating the financia…",https://www.the-independent.com/life-style/health-and-families/bobcat-fever-us-cats-pets-ticks-b2982,Julia Musto,,,,,,,,,,,,,,,,,,
news,Gossiplankanews.com,2026-05-23,A video of Bandula in a driverless car in Hollywood,"Former Minister Bandula Gunawardena has shared a special video on his official Facebook page, outlining a unique experience of traveling in a driverless car named 'Waymo' in Hollywood, America.
He b…",https://english.gossiplankanews.com/2026/05/a-video-of-bandula-in-driverless-car-in.html,noreply@blogger.com (Unknown),,,,,,,,,,,,,,,,,,
news,Juancole.com,2026-05-23,Israel is a Democracy . . . a Profoundly Racist Democracy,Montreal (Special to Informed Comment; Feature) – Israel is a democracy. This makes it difficult to hide the inconvenient fact that it is profoundly racist. The recent episode involving Minister Ben-…,https://www.juancole.com/2026/05/israel-democracy-profoundly.html,Yakov M. Rabkin,,,,,,,,,,,,,,,,,,
news,The Times of India,2026-05-23,"Gurgaon power outage: City plunged into darkness as ACs fail, lifts stall, & metro disruption forces commuters to walk on tracks amid severe heatwave","Large parts of Gurgaon were thrown into darkness on Friday evening after a fault at a 220kV substation in Sector 72 triggered a major power outage across multiple areas, at a time when the city was a…",https://economictimes.indiatimes.com/news/new-updates/gurgaon-power-outage-city-plunged-into-darknes,ET Online,,,,,,,,,,,,,,,,,,
news,The Straits Times,2026-05-23,Surgeons perform first brain tumour removal through eye socket in Singapore,"SINGAPORE A team of surgeons from National Neuroscience Institute (NNI) and Tan Tock Seng Hospital (TTSH) has removed a 2.5cm brain tumour through a patients eye socket.
The eight-hour surgery, whic…",https://www.straitstimes.com/singapore/health/surgeons-perform-first-brain-tumour-removal-through-ey,Judith Tan,,,,,,,,,,,,,,,,,,
news,Khabarhub.com,2026-05-23,Long-distance buses from Kathmandu Valley to introduce luggage tag system,"KATHMANDU: A luggage tagging system is set to be introduced in long-distance public transport vehicles operating from the Kathmandu Valley, aiming to enhance passenger safety and reduce cases of lost…",https://english.khabarhub.com/2026/23/550218/,Khabarhub,,,,,,,,,,,,,,,,,,
news,Pypi.org,2026-05-23,ciris-edge 0.5.1,"A required part of this site couldnt load. This may be due to a browser
 extension, network issues, or browser settings. Please check your
 connection, disable any ad blockers, or try using a diffe…",https://pypi.org/project/ciris-edge/0.5.1/,hello@ciris.ai,,,,,,,,,,,,,,,,,,
news,The Indian Express,2026-05-23,"Daily Briefing: Petrol, diesel rates jump 91 paise; CNG up Rs 1 in third hike within 10 days","Fuel prices surged yet again on Saturday, with petrol and diesel becoming costlier by up to 91 paise per litre in the third hike in less than 10 days, piling further pressure on consumers already bat…",https://indianexpress.com/article/live-news/top-news-today-daily-briefing-petrol-diesel-rates-hike-9,Anupama Yadav,,,,,,,,,,,,,,,,,,
news,RT,2026-05-23,WATCH SpaceX Starship explode on splashdown ‘as expected’,"SpaceX’s Starship rocket exploded in a fireball after splashing down in the Indian Ocean on Friday, capping what the company described as a successful test flight of its next-generation spacecraft.
…",https://www.rt.com/news/640457-spacex-starship-test-flight/,RT,,,,,,,,,,,,,,,,,,
news,Livemint,2026-05-23,Paytm Pocket Money to FamApp: 8 apps helping teenagers make digital payments without bank accounts,"With Paytm launching Pocket Money, a feature that allows teenagers to make UPI payments without having their own bank account; Indias fintech space is once again drawing attention. The feature, built…",https://www.livemint.com/money/personal-finance/paytm-pocket-money-to-famapp-8-apps-helping-teenager,Tarunya Sanjay,,,,,,,,,,,,,,,,,,
news,The Times of India,2026-05-23,"Fuel Price Today, May 23, 2026: What is the petrol, diesel & CNG price in Delhi, Mumbai, Kolkata & Chennai after latest hike?","Fuel prices in India have once again been increased, with Oil Marketing Companies (OMCs) announcing fresh hikes on Saturday. Petrol prices have gone up by Rs 0.87 per litre, while diesel prices have …",https://economictimes.indiatimes.com/news/new-updates/fuel-price-today-may-23-2026-what-is-the-petro,ET Online,,,,,,,,,,,,,,,,,,
news,Space Daily,2026-05-23,Researchers simulated 30 million routes to the Moon and found a hidden detour through L1 that saves fuel and keeps spacecraft talking to Earth the whole way,An international team of researchers has identified a new fuel-efficient route between Earth and the Moon that also avoids the kind of communications blackout the Artemis II crew experienced when the…,https://spacedaily.com/sd-researchers-simulated-30-million-routes-to-the-moon-and-found-a-hidden-det,Space Daily Editorial Team,,,,,,,,,,,,,,,,,,
news,The Indian Express,2026-05-23,Solving crimes | How a brother’s suspicion scuppered a wife’s ‘perfect’ bitter gourd poison plot,"When Flora Nancy, 26, walked into the Paper Town police station in Bhadravati in January 2020, she appeared to be a worried wife searching for her missing husband. She told the police that her husban…",https://indianexpress.com/article/cities/bangalore/solving-crimes-how-a-brothers-suspicion-scuppered,Atiya Firdos,,,,,,,,,,,,,,,,,,
news,Khabarhub.com,2026-05-23,Economic Digest: A Snapshot of Nepal’s Business News,"KATHMANDU: Economic Digest presents a brief yet comprehensive roundup of major business developments in Nepal, delivered in clear and accessible summaries.
Nepals recent economic indicators reflect …",https://english.khabarhub.com/2026/23/550185/,Khabarhub,,,,,,,,,,,,,,,,,,
news,Livemint,2026-05-23,Why Kashmir’s new rail link matters to the economy behind 95% of India’s cherries,"A journey that once took three or four days by road can now be completed in nearly a day and a half. For a fruit that begins deteriorating within two days of picking, those hours matter immensely.
K…",https://www.livemint.com/industry/kashmir-cherries-indian-railways-cherry-growers-ganderbal-shopian-,Irfan Amin Malik,,,,,,,,,,,,,,,,,,
news,Newsonjapan.com,2026-05-23,Honeybee Decline Raises Fears Over Global Food Supply,"KYOTO, May 23 (News On Japan) -
 Honeybees, long valued for producing honey, are now facing a growing survival crisis that experts warn could eventually threaten global food supplies, as climate cha…",https://newsonjapan.com/article/149340.php,None,,,,,,,,,,,,,,,,,,
news,The Punch,2026-05-23,"Resignation gamble backfires for ex-ministers Adelabu, Tuggar, Alkali",The decision by some former ministers of President Bola Tinubu to resign from the Federal Executive Council in pursuit of elective offices ahead of the 2027 general elections appears to be yielding m…,https://punchng.com/resignation-gamble-backfires-for-ex-ministers-adelabu-tuggar-alkali/,Punch Newspapers,,,,,,,,,,,,,,,,,,
news,Livemint,2026-05-23,Centre moves to check proxy control in highway concession substitution,"The changes are being proposed in the model concession agreement after it was observed that, in many cases of harmonious substitution, large contractors routed projects to their own subcontractors or…",https://www.livemint.com/industry/centre-to-tighten-rules-for-substitution-of-highway-concessionaire,Subhash Narayan,,,,,,,,,,,,,,,,,,
news,The Punch,2026-05-23,"FG targets 2,322 CNG stations by 2027","The Federal Government has said it is targeting the establishment of 2,322 Compressed Natural Gas stations nationwide by 2027 as part of efforts to deepen the adoption of alternative fuel vehicles an…",https://punchng.com/fg-targets-2322-cng-stations-by-2027/,Punch Newspapers,,,,,,,,,,,,,,,,,,
news,Alltoc.com,2026-05-23,Why was Ebola entry restricted to Dulles? #health,The U.S. moved to centralize Ebola screening by requiring all returning U.S. passengers from Ebola-affected countries to arrive at a single airport: WashingtonDulles International Airport. A related …,https://alltoc.com/health/why-was-ebola-entry-restricted-to-dulles,AllToc,,,,,,,,,,,,,,,,,,
news,ABC News (AU),2026-05-23,Female veterans find solace in surf with 'life-changing' therapy,"As dawn breaks over Mudjimba Beach, on Queensland's Sunshine Coast, a woman rallies the troops for their morning mission.
They are armed with surfboards and there is a nervous energy in the crisp au…",https://www.abc.net.au/news/2026-05-23/life-changing-surf-therapy-program-to-help-female-veterans/10,Jessica Ross and Sarah Howells,,,,,,,,,,,,,,,,,,
news,Americanthinker.com,2026-05-23,How the Digital Switchboard Turns Conformity into Evil,"History’s worst crimes are not usually carried out by cartoon villains. They are carried out by ordinary people who tell themselves they are only following orders, only keeping the peace, only doing …",https://www.americanthinker.com/articles/2026/05/how_the_digital_switchboard_turns_conformity_into_e,None,,,,,,,,,,,,,,,,,,
news,Crypto Briefing,2026-05-23,"Figure’s F.03 robot completes 200-hour logistics stress test, sorts 250,000 packages",The humanoid robot marathon was supposed to last 8 hours. It ran for 200 with zero hardware failures. Figure AI’s F.03 humanoid robots just pulled off the kind of endurance test that would make an Am…,https://cryptobriefing.com/figure-f03-robot-logistics-stress-test/,Editorial Team,,,,,,,,,,,,,,,,,,
news,Space Daily,2026-05-23,The fuel-saving lunar trajectory that looks like the long way round could solve one of crewed Moon travel’s most awkward problems — losing contact behind the far side,"Every Moon mission has to solve two problems at once: how to spend as little propellant as possible, and how to keep the spacecraft connected to Earth when lunar geometry gets in the way.
Those prob…",https://spacedaily.com/sd-the-fuel-saving-lunar-trajectory-nobody-was-looking-for-came-from-solving-,Space Daily Editorial Team,,,,,,,,,,,,,,,,,,
news,Abcnews.com,2026-05-23,"San Francisco immigration court shuts down after purge of judges, leaving asylum cases in chaos","SAN FRANCISCO -- There are no immigrants waiting for rulings anymore at San Francisco's main immigration court, no lawyers making arguments.
The court, which had 21 judges when President Donald Trum…",https://abcnews.com/US/wireStory/san-francisco-immigration-court-shuts-after-purge-judges-133239026,OLGA R. RODRIGUEZ Associated Press,,,,,,,,,,,,,,,,,,
news,Crypto Briefing,2026-05-23,"Iran intensifies Strait of Hormuz closure, stranding 20,000 sailors as Bitcoin enters the picture","The world's most important oil chokepoint remains sealed, trapping thousands of seafarers and sending energy markets into chaos while Iran floats crypto-based workarounds to sanctions. Roughly 20,000…",https://cryptobriefing.com/iran-strait-hormuz-closure-stranded-sailors-bitcoin/,Editorial Team,,,,,,,,,,,,,,,,,,
news,PRNewswire,2026-05-23,"SES AI Corporation Securities Fraud Class Action Result of Weak Revenue Guidance and 37% Stock Decline - Investors may Contact Lewis Kahn, Esq, at Kahn Swick & Foti, LLC","NEW YORK and NEW ORLEANS, May 22, 2026 /PRNewswire/ -- Kahn Swick &amp; Foti, LLC (""KSF"") and KSF partner, former Attorney General of Louisiana, Charles C. Foti, Jr., remind investors with substantia…",https://www.prnewswire.com/news-releases/ses-ai-corporation-securities-fraud-class-action-result-of-,None,,,,,,,,,,,,,,,,,,
news,Tauntongazette.com,2026-05-23,Bristol-Plymouth AD Mark Lebeda to step down at the end of school year,"After half a decade at the helm of Bristol-Plymouth athletics, Mark Lebeda is moving on.
On Friday, May 22, Lebeda announced via a post to the BP Tech Athletics Facebook page that he would be steppi…",https://www.tauntongazette.com/story/sports/high-school/2026/05/22/bristol-plymouth-athletic-directo,"Cameron Merritt, The Taunton Daily Gazette",,,,,,,,,,,,,,,,,,
news,PRNewswire,2026-05-23,"Hyundai Marks 10th Annual National Salute to America's Heroes with $100,000 Donation to Folds of Honor","Hyundai Announces $100,000 Donation to Folds of HonorAs part of this milestone year, Hyundai will contribute $100,000 to Folds of Honor, doubling its 2025 donation. The contribution will help provide…",https://www.prnewswire.com/news-releases/hyundai-marks-10th-annual-national-salute-to-americas-heroe,None,,,,,,,,,,,,,,,,,,
news,Livemint,2026-05-23,Why Kashmir’s new rail link matters to the economy behind 95% of India’s cherries,"A journey that once took three or four days by road can now be completed in nearly a day and a half. For a fruit that begins deteriorating within two days of picking, those hours matter immensely.
K…",https://www.livemint.com/industry/kashmir-cherries-indian-railways-cherry-growers-ganderbal-shopian-,Irfan Amin Malik,,,,,,,,,,,,,,,,,,
news,CBC News,2026-05-23,7th candidate enters Winnipeg mayoral race,"A political newcomer has added his name to the growing list of candidates running to be mayor of Winnipeg.
Joshua Pagdato, 39, works as a document management specialist in the fields of logistics an…",https://www.cbc.ca/news/canada/manitoba/joshua-pagdato-mayor-candidate-9.7209827,None,,,,,,,,,,,,,,,,,,
news,Bradenkelley.com,2026-05-23,How Zero-Power IoT Redefines the Human Experience,"Designing a Frictionless World
LAST UPDATED: May 22, 2026 at 4:59 PM
GUEST POST from Art Inteligencia
The Hidden Friction in Connected Ecosystems
While the Internet of Things (IoT) promises a ful…",https://bradenkelley.com/2026/05/how-zero-power-iot-redefines-the-human-experience/,Art Inteligencia,,,,,,,,,,,,,,,,,,
news,Japan Today,2026-05-23,"San Francisco immigration court shuts down after Trump purge of judges, leaving asylum cases in chaos","There are no immigrants waiting for rulings anymore at San Francisco's main immigration court, no lawyers making arguments.
The court, which had 21 judges when President Donald Trump was sworn in la…",https://japantoday.com/category/world/san-francisco-immigration-court-shuts-down-after-purge-of-judg,None,,,,,,,,,,,,,,,,,,
news,Livemint,2026-05-23,Centre moves to check proxy control in highway concession substitution,"The changes are being proposed in the model concession agreement after it was observed that, in many cases of harmonious substitution, large contractors routed projects to their own subcontractors or…",https://www.livemint.com/industry/centre-to-tighten-rules-for-substitution-of-highway-concessionaire,Subhash Narayan,,,,,,,,,,,,,,,,,,
news,Motley Fool Australia,2026-05-23,Why Coles shares could be a smart buy in an uncertain market,"Uncertain markets can make investors overthink things.
Inflation, interest rates, consumer pressure, and global risks all create noise. But sometimes the best ASX shares to own are the ones with sim…",https://www.fool.com.au/2026/05/23/why-coles-shares-could-be-a-smart-buy-in-an-uncertain-market/,Grace Alvino,,,,,,,,,,,,,,,,,,
news,Alltoc.com,2026-05-23,What happened to the Orange County chemical tank? #world,Officials in Orange County ordered tens of thousands of residents to evacuate after warnings that a large chemical tank was in an active crisis and could fail or explode. Reports described evacuation…,https://alltoc.com/world/what-happened-to-the-orange-county-chemical-tank,AllToc,,,,,,,,,,,,,,,,,,
news,Alltoc.com,2026-05-23,How is the Ebola outbreak worsening in DRC? #world,"The Ebola outbreak in the eastern Democratic Republic of the Congo has escalated sharply, with health officials warning it is spreading rapidly. Multiple summaries describe rising case counts, increa…",https://alltoc.com/world/how-is-the-ebola-outbreak-worsening-in-drc,AllToc,,,,,,,,,,,,,,,,,,
news,Alltoc.com,2026-05-23,Why was Ebola entry restricted to Dulles? #health,The U.S. moved to centralize Ebola screening by requiring all returning U.S. passengers from Ebola-affected countries to arrive at a single airport: WashingtonDulles International Airport. A related …,https://alltoc.com/health/why-was-ebola-entry-restricted-to-dulles,AllToc,,,,,,,,,,,,,,,,,,
news,Crypto Briefing,2026-05-22,"SpaceX nears $1.8T IPO amid Mars colonization debate, reveals $1.29B Bitcoin stash","The rocket company's S-1 filing disclosed 18,712 BTC alongside a valuation target that would make it one of the most valuable public companies on Earth, even as experts question its plans for another…",https://cryptobriefing.com/spacex-ipo-valuation-bitcoin-holdings/,Editorial Team,,,,,,,,,,,,,,,,,,
news,The Punch,2026-05-22,"Rising poultry costs push eggs, chicken beyond reach","Nigerias poultry industry is facing a serious production crisis, raising concerns over food security, protein supply, and malnutrition risks. Shortages of day-old chicks, delayed deliveries, rising f…",https://punchng.com/rising-poultry-costs-push-eggs-chicken-beyond-reach/,Punch Newspapers,,,,,,,,,,,,,,,,,,
news,Newsonjapan.com,2026-05-23,Idemitsu Maru Tanker Set to Arrive at Nagoya Port After Passing Through Strait of Hormuz,"NAGOYA, May 23 (News On Japan) -
 The crude oil tanker ""Idemitsu Maru,"" which passed through the Strait of Hormuz, is scheduled to arrive at Nagoya Port around noon on May 25th, drawing attention as…",https://newsonjapan.com/article/149342.php,None,,,,,,,,,,,,,,,,,,
news,Khabarhub.com,2026-05-23,"PM indifferent to Parliament, questions mount over Speaker’s conduct","KATHMANDU: Balen Shah has continued to stay away from Parliament despite mounting pressure from opposition parties demanding his response in the ongoing budget session.
The budget session, which beg…",https://english.khabarhub.com/2026/23/550214/,Gyanu Ghimire,,,,,,,,,,,,,,,,,,
news,The Times of India,2026-05-23,"Gurgaon power outage: City plunged into darkness as ACs fail, lifts stall, & metro disruption forces commuters to walk on tracks amid severe heatwave","Large parts of Gurgaon were thrown into darkness on Friday evening after a fault at a 220kV substation in Sector 72 triggered a major power outage across multiple areas, at a time when the city was a…",https://economictimes.indiatimes.com/news/new-updates/gurgaon-power-outage-city-plunged-into-darknes,ET Online,,,,,,,,,,,,,,,,,,
news,The Straits Times,2026-05-23,Surgeons perform first brain tumour removal through eye socket in Singapore,"SINGAPORE A team of surgeons from National Neuroscience Institute (NNI) and Tan Tock Seng Hospital (TTSH) has removed a 2.5cm brain tumour through a patients eye socket.
The eight-hour surgery, whic…",https://www.straitstimes.com/singapore/health/surgeons-perform-first-brain-tumour-removal-through-ey,Judith Tan,,,,,,,,,,,,,,,,,,
news,The Irish Times,2026-05-23,Fertiliser prices in Ireland spiked by 15.3% towards end of last year,"Fertiliser prices in Ireland jumped more than all bar one other country in the European Union at the end of last year, according to data published by Eurostat.
A survey comparing the rise in prices …",https://www.irishtimes.com/business/farming-food/2026/05/23/fertiliser-prices-in-ireland-spiked-by-1,Conor Healy,,,,,,,,,,,,,,,,,,
news,BusinessLine,2026-05-23,Strait of Hormuz shutdown turns into a global food crisis,"The closure of the Strait of Hormuz has transformed energy into a major food crisis, leaving the worlds agricultural security architecture entirely unprepared. On March 2, 2026, Qatars Ras Laffan ind…",https://www.thehindubusinessline.com/economy/agri-business/strait-of-hormuz-shutdown-turns-into-a-gl,Ashish Gupta,,,,,,,,,,,,,,,,,,
news,Crypto Briefing,2026-05-23,US military and intelligence officials cancel Memorial Day plans amid Iran tensions,"Pentagon personnel are updating recall rosters and scrapping holiday weekends as the Trump administration prepares for possible new strikes on Iran, with ripple effects already hitting crypto markets…",https://cryptobriefing.com/us-military-memorial-day-iran-tensions/,Editorial Team,,,,,,,,,,,,,,,,,,
news,The Indian Express,2026-05-23,£8M cartel crushed: Indian-origin man among 5 jailed for flooding London with drugs,"An Indian-origin man is among five people jailed in the UK for a combined 84 years for their role in a drug trafficking network, according to Press Trust of India (PTI).The group was involved in impo…",https://indianexpress.com/article/world/uk-indian-origin-man-jagjit-singh-jailed-8-million-pounds-dr,Express Global Desk,,,,,,,,,,,,,,,,,,
news,Al Jazeera English,2026-05-23,Some fear US-Philippines war games are drawing conflict closer to home,"Quezon City  On a highway in the Ilocos Norte province earlier this month, Father Arvin Mangrubang of the Philippine Independent Church slowly drove opposite a dozen or so hulking armoured vehicles a…",https://www.aljazeera.com/news/2026/5/23/some-fear-us-philippines-war-games-are-drawing-conflict-clo,Michael Beltran,,,,,,,,,,,,,,,,,,
news,The Times of India,2026-05-23,"Wars, Oil and Wealth: The world adapts faster than we think, lessons for equity investors","Whenever the world enters a phase of geopolitical uncertainty, investors instinctively ask the same question: Is this time different? It is an understandable reaction. Wars are unsettling not merely …",https://economictimes.indiatimes.com/wealth/invest/wars-oil-and-wealth-the-world-adapts-faster-than-,Sanjeev Govila,,,,,,,,,,,,,,,,,,
news,The Times of India,2026-05-23,Pakistan army chief in Tehran as Iran weighs US peace offer,"Tehran: Pakistan's army chief arrived in Tehran on Friday, as diplomacy to end the Middle East war gathered pace and Iran considered the latest peace proposal even as US media reported Washington was…",https://economictimes.indiatimes.com/news/defence/pakistan-army-chief-in-tehran-as-iran-weighs-us-pe,AFP,,,,,,,,,,,,,,,,,,
news,Crypto Briefing,2026-05-23,Bitcoin drops below $76K after SEC delays tokenized stocks plan,"The SEC shelved its innovation exemption framework for blockchain-based equities after pushback from traditional exchanges, wiping out billions in crypto market value. The SEC was supposed to release…",https://cryptobriefing.com/bitcoin-drops-sec-delays-tokenized-stocks/,Editorial Team,,,,,,,,,,,,,,,,,,
news,Crypto Briefing,2026-05-23,Defiance ETFs files for Nvidia and Google Ventures ETFs targeting portfolio companies of tech giants,The thematic ETF issuer wants to give investors exposure to every company Nvidia and Google have backed since their founding. Defiance ETFs just filed with the SEC to launch two new funds that would …,https://cryptobriefing.com/defiance-etfs-nvidia-google-ventures/,Editorial Team,,,,,,,,,,,,,,,,,,
news,Khabarhub.com,2026-05-23,Economic Digest: A Snapshot of Nepal’s Business News,"KATHMANDU: Economic Digest presents a brief yet comprehensive roundup of major business developments in Nepal, delivered in clear and accessible summaries.
Nepals recent economic indicators reflect …",https://english.khabarhub.com/2026/23/550185/,Khabarhub,,,,,,,,,,,,,,,,,,
news,Livemint,2026-05-23,"Petrol, diesel price hiked third time in 10 days: Analysts warn of more hikes ahead— how high can rates go?","Petrol and diesel prices were increased by up to 91 paise per litre on Saturday, the third increase in less than 10 days.
Petrol price has been increased by 87 paise in Delhi from 98.64 to 99.51 per…",https://www.livemint.com/money/personal-finance/petrol-diesel-price-hiked-third-time-in-10-days-anal,Sanchari Ghosh,,,,,,,,,,,,,,,,,,
news,GlobeNewswire,2026-05-23,Miracle Brand Cooling Comforter Under Investigation: The Most Effectively-Made Silver-Infused Temperature Regulating Blanket for Hot Sleepers,"New York, NY, May 22, 2026 (GLOBE NEWSWIRE) -- Results may vary. The Miracle Brand Cooling Comforter is a textile bedding product and is not a medical device. See full terms and conditions through th…",https://www.globenewswire.com/news-release/2026/05/23/3300412/0/en/Miracle-Brand-Cooling-Comforter-U,Miracle Brand,,,,,,,,,,,,,,,,,,
news,Freerepublic.com,2026-05-23,U.S. prepares for new military strikes against Iran,"Skip to comments.
U.S. prepares for new military strikes against IranCBS News ^
 | May 22, 2026
Posted on 05/22/2026 6:10:46 PM PDT by McGruff
The Trump administration was preparing Friday for a …",https://freerepublic.com/focus/f-news/4380570/posts,CBS News,,,,,,,,,,,,,,,,,,
news,mindbodygreen.com,2026-05-23,Sleep Number's Newest Mattress Tracks Your Sleep Quality (& It's Transformed My Routine),"Before I became a mom, I thought I understood what tired felt like. Spoiler alert: I didn't.
These days, I'm the tired that comes from waking up multiple times a night, lifting a growing baby all da…",https://www.mindbodygreen.com/articles/sleep-number-comfortnext-lux-review,https://www.mindbodygreen.com/wc/remimeeks,,,,,,,,,,,,,,,,,,
news,The Punch,2026-05-23,Customers stranded as new airtime rule disrupts bank transfers,"Millions of Nigerian bank customers are grappling with frustration and uncertainty following widespread disruptions to Unstructured Supplementary Service Data (USSD) banking transactions, with many u…",https://punchng.com/customers-stranded-as-new-airtime-rule-disrupts-bank-transfers/,Punch Newspapers,,,,,,,,,,,,,,,,,,
financial,FRED - CPIAUCSL,2016-05-01,,CPIAUCSL: 239.56,,,economic_indicator,CPIAUCSL,239.557,,,,,,,,,,,,,,,
financial,FRED - CPIAUCSL,2016-06-01,,CPIAUCSL: 240.22,,,economic_indicator,CPIAUCSL,240.222,,,,,,,,,,,,,,,
financial,FRED - CPIAUCSL,2016-07-01,,CPIAUCSL: 240.10,,,economic_indicator,CPIAUCSL,240.101,,,,,,,,,,,,,,,
financial,FRED - CPIAUCSL,2016-08-01,,CPIAUCSL: 240.54,,,economic_indicator,CPIAUCSL,240.545,,,,,,,,,,,,,,,
financial,FRED - CPIAUCSL,2016-09-01,,CPIAUCSL: 241.18,,,economic_indicator,CPIAUCSL,241.176,,,,,,,,,,,,,,,
financial,FRED - CPIAUCSL,2016-10-01,,CPIAUCSL: 241.74,,,economic_indicator,CPIAUCSL,241.741,,,,,,,,,,,,,,,
financial,FRED - CPIAUCSL,2016-11-01,,CPIAUCSL: 242.03,,,economic_indicator,CPIAUCSL,242.026,,,,,,,,,,,,,,,
financial,FRED - CPIAUCSL,2016-12-01,,CPIAUCSL: 242.64,,,economic_indicator,CPIAUCSL,242.637,,,,,,,,,,,,,,,
financial,FRED - CPIAUCSL,2017-01-01,,CPIAUCSL: 243.62,,,economic_indicator,CPIAUCSL,243.618,,,,,,,,,,,,,,,
financial,FRED - CPIAUCSL,2017-02-01,,CPIAUCSL: 244.01,,,economic_indicator,CPIAUCSL,244.006,,,,,,,,,,,,,,,
financial,FRED - CPIAUCSL,2017-03-01,,CPIAUCSL: 243.89,,,economic_indicator,CPIAUCSL,243.892,,,,,,,,,,,,,,,
financial,FRED - CPIAUCSL,2017-04-01,,CPIAUCSL: 244.19,,,economic_indicator,CPIAUCSL,244.193,,,,,,,,,,,,,,,
financial,FRED - CPIAUCSL,2017-05-01,,CPIAUCSL: 244.00,,,economic_indicator,CPIAUCSL,244.004,,,,,,,,,,,,,,,
financial,FRED - CPIAUCSL,2017-06-01,,CPIAUCSL: 244.16,,,economic_indicator,CPIAUCSL,244.163,,,,,,,,,,,,,,,
financial,FRED - CPIAUCSL,2017-07-01,,CPIAUCSL: 244.24,,,economic_indicator,CPIAUCSL,244.243,,,,,,,,,,,,,,,
financial,FRED - CPIAUCSL,2017-08-01,,CPIAUCSL: 245.18,,,economic_indicator,CPIAUCSL,245.183,,,,,,,,,,,,,,,
financial,FRED - CPIAUCSL,2017-09-01,,CPIAUCSL: 246.44,,,economic_indicator,CPIAUCSL,246.435,,,,,,,,,,,,,,,
financial,FRED - CPIAUCSL,2017-10-01,,CPIAUCSL: 246.63,,,economic_indicator,CPIAUCSL,246.626,,,,,,,,,,,,,,,
financial,FRED - CPIAUCSL,2017-11-01,,CPIAUCSL: 247.28,,,economic_indicator,CPIAUCSL,247.284,,,,,,,,,,,,,,,
financial,FRED - CPIAUCSL,2017-12-01,,CPIAUCSL: 247.81,,,economic_indicator,CPIAUCSL,247.805,,,,,,,,,,,,,,,
financial,FRED - CPIAUCSL,2018-01-01,,CPIAUCSL: 248.86,,,economic_indicator,CPIAUCSL,248.859,,,,,,,,,,,,,,,
financial,FRED - CPIAUCSL,2018-02-01,,CPIAUCSL: 249.53,,,economic_indicator,CPIAUCSL,249.529,,,,,,,,,,,,,,,
financial,FRED - CPIAUCSL,2018-03-01,,CPIAUCSL: 249.58,,,economic_indicator,CPIAUCSL,249.577,,,,,,,,,,,,,,,
financial,FRED - CPIAUCSL,2018-04-01,,CPIAUCSL: 250.23,,,economic_indicator,CPIAUCSL,250.227,,,,,,,,,,,,,,,
financial,FRED - CPIAUCSL,2018-05-01,,CPIAUCSL: 250.79,,,economic_indicator,CPIAUCSL,250.792,,,,,,,,,,,,,,,
financial,FRED - CPIAUCSL,2018-06-01,,CPIAUCSL: 251.02,,,economic_indicator,CPIAUCSL,251.018,,,,,,,,,,,,,,,
financial,FRED - CPIAUCSL,2018-07-01,,CPIAUCSL: 251.21,,,economic_indicator,CPIAUCSL,251.214,,,,,,,,,,,,,,,
financial,FRED - CPIAUCSL,2018-08-01,,CPIAUCSL: 251.66,,,economic_indicator,CPIAUCSL,251.663,,,,,,,,,,,,,,,
financial,FRED - CPIAUCSL,2018-09-01,,CPIAUCSL: 252.18,,,economic_indicator,CPIAUCSL,252.182,,,,,,,,,,,,,,,
financial,FRED - CPIAUCSL,2018-10-01,,CPIAUCSL: 252.77,,,economic_indicator,CPIAUCSL,252.772,,,,,,,,,,,,,,,
financial,FRED - CPIAUCSL,2018-11-01,,CPIAUCSL: 252.59,,,economic_indicator,CPIAUCSL,252.594,,,,,,,,,,,,,,,
financial,FRED - CPIAUCSL,2018-12-01,,CPIAUCSL: 252.77,,,economic_indicator,CPIAUCSL,252.767,,,,,,,,,,,,,,,
financial,FRED - CPIAUCSL,2019-01-01,,CPIAUCSL: 252.56,,,economic_indicator,CPIAUCSL,252.561,,,,,,,,,,,,,,,
financial,FRED - CPIAUCSL,2019-02-01,,CPIAUCSL: 253.32,,,economic_indicator,CPIAUCSL,253.319,,,,,,,,,,,,,,,
financial,FRED - CPIAUCSL,2019-03-01,,CPIAUCSL: 254.28,,,economic_indicator,CPIAUCSL,254.277,,,,,,,,,,,,,,,
financial,FRED - CPIAUCSL,2019-04-01,,CPIAUCSL: 255.23,,,economic_indicator,CPIAUCSL,255.233,,,,,,,,,,,,,,,
financial,FRED - CPIAUCSL,2019-05-01,,CPIAUCSL: 255.30,,,economic_indicator,CPIAUCSL,255.296,,,,,,,,,,,,,,,
financial,FRED - CPIAUCSL,2019-06-01,,CPIAUCSL: 255.21,,,economic_indicator,CPIAUCSL,255.213,,,,,,,,,,,,,,,
financial,FRED - CPIAUCSL,2019-07-01,,CPIAUCSL: 255.80,,,economic_indicator,CPIAUCSL,255.802,,,,,,,,,,,,,,,
financial,FRED - CPIAUCSL,2019-08-01,,CPIAUCSL: 256.04,,,economic_indicator,CPIAUCSL,256.036,,,,,,,,,,,,,,,
financial,FRED - CPIAUCSL,2019-09-01,,CPIAUCSL: 256.43,,,economic_indicator,CPIAUCSL,256.43,,,,,,,,,,,,,,,
financial,FRED - CPIAUCSL,2019-10-01,,CPIAUCSL: 257.15,,,economic_indicator,CPIAUCSL,257.155,,,,,,,,,,,,,,,
financial,FRED - CPIAUCSL,2019-11-01,,CPIAUCSL: 257.88,,,economic_indicator,CPIAUCSL,257.879,,,,,,,,,,,,,,,
financial,FRED - CPIAUCSL,2019-12-01,,CPIAUCSL: 258.63,,,economic_indicator,CPIAUCSL,258.63,,,,,,,,,,,,,,,
financial,FRED - CPIAUCSL,2020-01-01,,CPIAUCSL: 259.13,,,economic_indicator,CPIAUCSL,259.127,,,,,,,,,,,,,,,
financial,FRED - CPIAUCSL,2020-02-01,,CPIAUCSL: 259.25,,,economic_indicator,CPIAUCSL,259.25,,,,,,,,,,,,,,,
financial,FRED - CPIAUCSL,2020-03-01,,CPIAUCSL: 258.08,,,economic_indicator,CPIAUCSL,258.076,,,,,,,,,,,,,,,
financial,FRED - CPIAUCSL,2020-04-01,,CPIAUCSL: 256.03,,,economic_indicator,CPIAUCSL,256.032,,,,,,,,,,,,,,,
financial,FRED - CPIAUCSL,2020-05-01,,CPIAUCSL: 255.80,,,economic_indicator,CPIAUCSL,255.802,,,,,,,,,,,,,,,
financial,FRED - CPIAUCSL,2020-06-01,,CPIAUCSL: 257.04,,,economic_indicator,CPIAUCSL,257.042,,,,,,,,,,,,,,,
financial,FRED - CPIAUCSL,2020-07-01,,CPIAUCSL: 258.35,,,economic_indicator,CPIAUCSL,258.352,,,,,,,,,,,,,,,
financial,FRED - CPIAUCSL,2020-08-01,,CPIAUCSL: 259.32,,,economic_indicator,CPIAUCSL,259.316,,,,,,,,,,,,,,,
financial,FRED - CPIAUCSL,2020-09-01,,CPIAUCSL: 260.00,,,economic_indicator,CPIAUCSL,259.997,,,,,,,,,,,,,,,
financial,FRED - CPIAUCSL,2020-10-01,,CPIAUCSL: 260.32,,,economic_indicator,CPIAUCSL,260.319,,,,,,,,,,,,,,,
financial,FRED - CPIAUCSL,2020-11-01,,CPIAUCSL: 260.91,,,economic_indicator,CPIAUCSL,260.911,,,,,,,,,,,,,,,
financial,FRED - CPIAUCSL,2020-12-01,,CPIAUCSL: 262.05,,,economic_indicator,CPIAUCSL,262.045,,,,,,,,,,,,,,,
financial,FRED - CPIAUCSL,2021-01-01,,CPIAUCSL: 262.69,,,economic_indicator,CPIAUCSL,262.687,,,,,,,,,,,,,,,
financial,FRED - CPIAUCSL,2021-02-01,,CPIAUCSL: 263.58,,,economic_indicator,CPIAUCSL,263.579,,,,,,,,,,,,,,,
financial,FRED - CPIAUCSL,2021-03-01,,CPIAUCSL: 264.96,,,economic_indicator,CPIAUCSL,264.961,,,,,,,,,,,,,,,
financial,FRED - CPIAUCSL,2021-04-01,,CPIAUCSL: 266.61,,,economic_indicator,CPIAUCSL,266.614,,,,,,,,,,,,,,,
financial,FRED - CPIAUCSL,2021-05-01,,CPIAUCSL: 268.38,,,economic_indicator,CPIAUCSL,268.383,,,,,,,,,,,,,,,
financial,FRED - CPIAUCSL,2021-06-01,,CPIAUCSL: 270.65,,,economic_indicator,CPIAUCSL,270.654,,,,,,,,,,,,,,,
financial,FRED - CPIAUCSL,2021-07-01,,CPIAUCSL: 271.90,,,economic_indicator,CPIAUCSL,271.903,,,,,,,,,,,,,,,
financial,FRED - CPIAUCSL,2021-08-01,,CPIAUCSL: 272.68,,,economic_indicator,CPIAUCSL,272.676,,,,,,,,,,,,,,,
financial,FRED - CPIAUCSL,2021-09-01,,CPIAUCSL: 273.91,,,economic_indicator,CPIAUCSL,273.91,,,,,,,,,,,,,,,
financial,FRED - CPIAUCSL,2021-10-01,,CPIAUCSL: 276.55,,,economic_indicator,CPIAUCSL,276.55,,,,,,,,,,,,,,,
financial,FRED - CPIAUCSL,2021-11-01,,CPIAUCSL: 278.92,,,economic_indicator,CPIAUCSL,278.919,,,,,,,,,,,,,,,
financial,FRED - CPIAUCSL,2021-12-01,,CPIAUCSL: 280.85,,,economic_indicator,CPIAUCSL,280.845,,,,,,,,,,,,,,,
financial,FRED - CPIAUCSL,2022-01-01,,CPIAUCSL: 282.54,,,economic_indicator,CPIAUCSL,282.543,,,,,,,,,,,,,,,
financial,FRED - CPIAUCSL,2022-02-01,,CPIAUCSL: 284.50,,,economic_indicator,CPIAUCSL,284.5,,,,,,,,,,,,,,,
financial,FRED - CPIAUCSL,2022-03-01,,CPIAUCSL: 287.67,,,economic_indicator,CPIAUCSL,287.674,,,,,,,,,,,,,,,
financial,FRED - CPIAUCSL,2022-04-01,,CPIAUCSL: 288.56,,,economic_indicator,CPIAUCSL,288.561,,,,,,,,,,,,,,,
financial,FRED - CPIAUCSL,2022-05-01,,CPIAUCSL: 291.30,,,economic_indicator,CPIAUCSL,291.298,,,,,,,,,,,,,,,
financial,FRED - CPIAUCSL,2022-06-01,,CPIAUCSL: 294.96,,,economic_indicator,CPIAUCSL,294.957,,,,,,,,,,,,,,,
financial,FRED - CPIAUCSL,2022-07-01,,CPIAUCSL: 294.91,,,economic_indicator,CPIAUCSL,294.913,,,,,,,,,,,,,,,
financial,FRED - CPIAUCSL,2022-08-01,,CPIAUCSL: 295.10,,,economic_indicator,CPIAUCSL,295.097,,,,,,,,,,,,,,,
financial,FRED - CPIAUCSL,2022-09-01,,CPIAUCSL: 296.35,,,economic_indicator,CPIAUCSL,296.349,,,,,,,,,,,,,,,
financial,FRED - CPIAUCSL,2022-10-01,,CPIAUCSL: 298.01,,,economic_indicator,CPIAUCSL,298.007,,,,,,,,,,,,,,,
financial,FRED - CPIAUCSL,2022-11-01,,CPIAUCSL: 298.79,,,economic_indicator,CPIAUCSL,298.786,,,,,,,,,,,,,,,
financial,FRED - CPIAUCSL,2022-12-01,,CPIAUCSL: 298.83,,,economic_indicator,CPIAUCSL,298.832,,,,,,,,,,,,,,,
financial,FRED - CPIAUCSL,2023-01-01,,CPIAUCSL: 300.42,,,economic_indicator,CPIAUCSL,300.42,,,,,,,,,,,,,,,
financial,FRED - CPIAUCSL,2023-02-01,,CPIAUCSL: 301.45,,,economic_indicator,CPIAUCSL,301.45,,,,,,,,,,,,,,,
financial,FRED - CPIAUCSL,2023-03-01,,CPIAUCSL: 301.82,,,economic_indicator,CPIAUCSL,301.821,,,,,,,,,,,,,,,
financial,FRED - CPIAUCSL,2023-04-01,,CPIAUCSL: 302.85,,,economic_indicator,CPIAUCSL,302.845,,,,,,,,,,,,,,,
financial,FRED - CPIAUCSL,2023-05-01,,CPIAUCSL: 303.33,,,economic_indicator,CPIAUCSL,303.334,,,,,,,,,,,,,,,
financial,FRED - CPIAUCSL,2023-06-01,,CPIAUCSL: 304.01,,,economic_indicator,CPIAUCSL,304.014,,,,,,,,,,,,,,,
financial,FRED - CPIAUCSL,2023-07-01,,CPIAUCSL: 304.61,,,economic_indicator,CPIAUCSL,304.609,,,,,,,,,,,,,,,
financial,FRED - CPIAUCSL,2023-08-01,,CPIAUCSL: 306.08,,,economic_indicator,CPIAUCSL,306.082,,,,,,,,,,,,,,,
financial,FRED - CPIAUCSL,2023-09-01,,CPIAUCSL: 307.28,,,economic_indicator,CPIAUCSL,307.276,,,,,,,,,,,,,,,
financial,FRED - CPIAUCSL,2023-10-01,,CPIAUCSL: 307.70,,,economic_indicator,CPIAUCSL,307.696,,,,,,,,,,,,,,,
financial,FRED - CPIAUCSL,2023-11-01,,CPIAUCSL: 308.15,,,economic_indicator,CPIAUCSL,308.148,,,,,,,,,,,,,,,
financial,FRED - CPIAUCSL,2023-12-01,,CPIAUCSL: 308.74,,,economic_indicator,CPIAUCSL,308.741,,,,,,,,,,,,,,,
financial,FRED - CPIAUCSL,2024-01-01,,CPIAUCSL: 309.70,,,economic_indicator,CPIAUCSL,309.698,,,,,,,,,,,,,,,
financial,FRED - CPIAUCSL,2024-02-01,,CPIAUCSL: 310.97,,,economic_indicator,CPIAUCSL,310.967,,,,,,,,,,,,,,,
financial,FRED - CPIAUCSL,2024-03-01,,CPIAUCSL: 312.35,,,economic_indicator,CPIAUCSL,312.345,,,,,,,,,,,,,,,
financial,FRED - CPIAUCSL,2024-04-01,,CPIAUCSL: 313.02,,,economic_indicator,CPIAUCSL,313.023,,,,,,,,,,,,,,,
financial,FRED - CPIAUCSL,2024-05-01,,CPIAUCSL: 313.18,,,economic_indicator,CPIAUCSL,313.175,,,,,,,,,,,,,,,
financial,FRED - CPIAUCSL,2024-06-01,,CPIAUCSL: 313.04,,,economic_indicator,CPIAUCSL,313.044,,,,,,,,,,,,,,,
financial,FRED - CPIAUCSL,2024-07-01,,CPIAUCSL: 313.57,,,economic_indicator,CPIAUCSL,313.569,,,,,,,,,,,,,,,
financial,FRED - CPIAUCSL,2024-08-01,,CPIAUCSL: 314.06,,,economic_indicator,CPIAUCSL,314.062,,,,,,,,,,,,,,,
financial,FRED - CPIAUCSL,2024-09-01,,CPIAUCSL: 314.73,,,economic_indicator,CPIAUCSL,314.732,,,,,,,,,,,,,,,
financial,FRED - CPIAUCSL,2024-10-01,,CPIAUCSL: 315.63,,,economic_indicator,CPIAUCSL,315.631,,,,,,,,,,,,,,,
financial,FRED - CPIAUCSL,2024-11-01,,CPIAUCSL: 316.53,,,economic_indicator,CPIAUCSL,316.528,,,,,,,,,,,,,,,
financial,FRED - CPIAUCSL,2024-12-01,,CPIAUCSL: 317.60,,,economic_indicator,CPIAUCSL,317.604,,,,,,,,,,,,,,,
financial,FRED - CPIAUCSL,2025-01-01,,CPIAUCSL: 318.96,,,economic_indicator,CPIAUCSL,318.961,,,,,,,,,,,,,,,
financial,FRED - CPIAUCSL,2025-02-01,,CPIAUCSL: 319.68,,,economic_indicator,CPIAUCSL,319.679,,,,,,,,,,,,,,,
financial,FRED - CPIAUCSL,2025-03-01,,CPIAUCSL: 319.79,,,economic_indicator,CPIAUCSL,319.785,,,,,,,,,,,,,,,
financial,FRED - CPIAUCSL,2025-04-01,,CPIAUCSL: 320.30,,,economic_indicator,CPIAUCSL,320.302,,,,,,,,,,,,,,,
financial,FRED - CPIAUCSL,2025-05-01,,CPIAUCSL: 320.62,,,economic_indicator,CPIAUCSL,320.62,,,,,,,,,,,,,,,
financial,FRED - CPIAUCSL,2025-06-01,,CPIAUCSL: 321.44,,,economic_indicator,CPIAUCSL,321.435,,,,,,,,,,,,,,,
financial,FRED - CPIAUCSL,2025-07-01,,CPIAUCSL: 322.17,,,economic_indicator,CPIAUCSL,322.169,,,,,,,,,,,,,,,
financial,FRED - CPIAUCSL,2025-08-01,,CPIAUCSL: 323.29,,,economic_indicator,CPIAUCSL,323.291,,,,,,,,,,,,,,,
financial,FRED - CPIAUCSL,2025-09-01,,CPIAUCSL: 324.25,,,economic_indicator,CPIAUCSL,324.245,,,,,,,,,,,,,,,
financial,FRED - CPIAUCSL,2025-11-01,,CPIAUCSL: 325.06,,,economic_indicator,CPIAUCSL,325.063,,,,,,,,,,,,,,,
financial,FRED - CPIAUCSL,2025-12-01,,CPIAUCSL: 326.03,,,economic_indicator,CPIAUCSL,326.031,,,,,,,,,,,,,,,
financial,FRED - CPIAUCSL,2026-01-01,,CPIAUCSL: 326.59,,,economic_indicator,CPIAUCSL,326.588,,,,,,,,,,,,,,,
financial,FRED - CPIAUCSL,2026-02-01,,CPIAUCSL: 327.46,,,economic_indicator,CPIAUCSL,327.46,,,,,,,,,,,,,,,
financial,FRED - CPIAUCSL,2026-03-01,,CPIAUCSL: 330.29,,,economic_indicator,CPIAUCSL,330.293,,,,,,,,,,,,,,,
financial,FRED - CPIAUCSL,2026-04-01,,CPIAUCSL: 332.41,,,economic_indicator,CPIAUCSL,332.407,,,,,,,,,,,,,,,
financial,FRED - UNRATE,2016-05-01,,UNRATE: 4.80,,,economic_indicator,UNRATE,4.8,,,,,,,,,,,,,,,
financial,FRED - UNRATE,2016-06-01,,UNRATE: 4.90,,,economic_indicator,UNRATE,4.9,,,,,,,,,,,,,,,
financial,FRED - UNRATE,2016-07-01,,UNRATE: 4.80,,,economic_indicator,UNRATE,4.8,,,,,,,,,,,,,,,
financial,FRED - UNRATE,2016-08-01,,UNRATE: 4.90,,,economic_indicator,UNRATE,4.9,,,,,,,,,,,,,,,
financial,FRED - UNRATE,2016-09-01,,UNRATE: 5.00,,,economic_indicator,UNRATE,5.0,,,,,,,,,,,,,,,
financial,FRED - UNRATE,2016-10-01,,UNRATE: 4.90,,,economic_indicator,UNRATE,4.9,,,,,,,,,,,,,,,
financial,FRED - UNRATE,2016-11-01,,UNRATE: 4.70,,,economic_indicator,UNRATE,4.7,,,,,,,,,,,,,,,
financial,FRED - UNRATE,2016-12-01,,UNRATE: 4.70,,,economic_indicator,UNRATE,4.7,,,,,,,,,,,,,,,
financial,FRED - UNRATE,2017-01-01,,UNRATE: 4.70,,,economic_indicator,UNRATE,4.7,,,,,,,,,,,,,,,
financial,FRED - UNRATE,2017-02-01,,UNRATE: 4.60,,,economic_indicator,UNRATE,4.6,,,,,,,,,,,,,,,
financial,FRED - UNRATE,2017-03-01,,UNRATE: 4.40,,,economic_indicator,UNRATE,4.4,,,,,,,,,,,,,,,
financial,FRED - UNRATE,2017-04-01,,UNRATE: 4.40,,,economic_indicator,UNRATE,4.4,,,,,,,,,,,,,,,
financial,FRED - UNRATE,2017-05-01,,UNRATE: 4.40,,,economic_indicator,UNRATE,4.4,,,,,,,,,,,,,,,
financial,FRED - UNRATE,2017-06-01,,UNRATE: 4.30,,,economic_indicator,UNRATE,4.3,,,,,,,,,,,,,,,
financial,FRED - UNRATE,2017-07-01,,UNRATE: 4.30,,,economic_indicator,UNRATE,4.3,,,,,,,,,,,,,,,
financial,FRED - UNRATE,2017-08-01,,UNRATE: 4.40,,,economic_indicator,UNRATE,4.4,,,,,,,,,,,,,,,
financial,FRED - UNRATE,2017-09-01,,UNRATE: 4.30,,,economic_indicator,UNRATE,4.3,,,,,,,,,,,,,,,
financial,FRED - UNRATE,2017-10-01,,UNRATE: 4.20,,,economic_indicator,UNRATE,4.2,,,,,,,,,,,,,,,
financial,FRED - UNRATE,2017-11-01,,UNRATE: 4.20,,,economic_indicator,UNRATE,4.2,,,,,,,,,,,,,,,
financial,FRED - UNRATE,2017-12-01,,UNRATE: 4.10,,,economic_indicator,UNRATE,4.1,,,,,,,,,,,,,,,
financial,FRED - UNRATE,2018-01-01,,UNRATE: 4.00,,,economic_indicator,UNRATE,4.0,,,,,,,,,,,,,,,
financial,FRED - UNRATE,2018-02-01,,UNRATE: 4.10,,,economic_indicator,UNRATE,4.1,,,,,,,,,,,,,,,
financial,FRED - UNRATE,2018-03-01,,UNRATE: 4.00,,,economic_indicator,UNRATE,4.0,,,,,,,,,,,,,,,
financial,FRED - UNRATE,2018-04-01,,UNRATE: 4.00,,,economic_indicator,UNRATE,4.0,,,,,,,,,,,,,,,
financial,FRED - UNRATE,2018-05-01,,UNRATE: 3.80,,,economic_indicator,UNRATE,3.8,,,,,,,,,,,,,,,
financial,FRED - UNRATE,2018-06-01,,UNRATE: 4.00,,,economic_indicator,UNRATE,4.0,,,,,,,,,,,,,,,
financial,FRED - UNRATE,2018-07-01,,UNRATE: 3.80,,,economic_indicator,UNRATE,3.8,,,,,,,,,,,,,,,
financial,FRED - UNRATE,2018-08-01,,UNRATE: 3.80,,,economic_indicator,UNRATE,3.8,,,,,,,,,,,,,,,
financial,FRED - UNRATE,2018-09-01,,UNRATE: 3.70,,,economic_indicator,UNRATE,3.7,,,,,,,,,,,,,,,
financial,FRED - UNRATE,2018-10-01,,UNRATE: 3.80,,,economic_indicator,UNRATE,3.8,,,,,,,,,,,,,,,
financial,FRED - UNRATE,2018-11-01,,UNRATE: 3.80,,,economic_indicator,UNRATE,3.8,,,,,,,,,,,,,,,
financial,FRED - UNRATE,2018-12-01,,UNRATE: 3.90,,,economic_indicator,UNRATE,3.9,,,,,,,,,,,,,,,
financial,FRED - UNRATE,2019-01-01,,UNRATE: 4.00,,,economic_indicator,UNRATE,4.0,,,,,,,,,,,,,,,
financial,FRED - UNRATE,2019-02-01,,UNRATE: 3.80,,,economic_indicator,UNRATE,3.8,,,,,,,,,,,,,,,
financial,FRED - UNRATE,2019-03-01,,UNRATE: 3.80,,,economic_indicator,UNRATE,3.8,,,,,,,,,,,,,,,
financial,FRED - UNRATE,2019-04-01,,UNRATE: 3.70,,,economic_indicator,UNRATE,3.7,,,,,,,,,,,,,,,
financial,FRED - UNRATE,2019-05-01,,UNRATE: 3.60,,,economic_indicator,UNRATE,3.6,,,,,,,,,,,,,,,
financial,FRED - UNRATE,2019-06-01,,UNRATE: 3.60,,,economic_indicator,UNRATE,3.6,,,,,,,,,,,,,,,
financial,FRED - UNRATE,2019-07-01,,UNRATE: 3.70,,,economic_indicator,UNRATE,3.7,,,,,,,,,,,,,,,
financial,FRED - UNRATE,2019-08-01,,UNRATE: 3.60,,,economic_indicator,UNRATE,3.6,,,,,,,,,,,,,,,
financial,FRED - UNRATE,2019-09-01,,UNRATE: 3.50,,,economic_indicator,UNRATE,3.5,,,,,,,,,,,,,,,
financial,FRED - UNRATE,2019-10-01,,UNRATE: 3.60,,,economic_indicator,UNRATE,3.6,,,,,,,,,,,,,,,
financial,FRED - UNRATE,2019-11-01,,UNRATE: 3.60,,,economic_indicator,UNRATE,3.6,,,,,,,,,,,,,,,
financial,FRED - UNRATE,2019-12-01,,UNRATE: 3.60,,,economic_indicator,UNRATE,3.6,,,,,,,,,,,,,,,
financial,FRED - UNRATE,2020-01-01,,UNRATE: 3.60,,,economic_indicator,UNRATE,3.6,,,,,,,,,,,,,,,
financial,FRED - UNRATE,2020-02-01,,UNRATE: 3.50,,,economic_indicator,UNRATE,3.5,,,,,,,,,,,,,,,
financial,FRED - UNRATE,2020-03-01,,UNRATE: 4.40,,,economic_indicator,UNRATE,4.4,,,,,,,,,,,,,,,
financial,FRED - UNRATE,2020-04-01,,UNRATE: 14.80,,,economic_indicator,UNRATE,14.8,,,,,,,,,,,,,,,
financial,FRED - UNRATE,2020-05-01,,UNRATE: 13.20,,,economic_indicator,UNRATE,13.2,,,,,,,,,,,,,,,
financial,FRED - UNRATE,2020-06-01,,UNRATE: 11.00,,,economic_indicator,UNRATE,11.0,,,,,,,,,,,,,,,
financial,FRED - UNRATE,2020-07-01,,UNRATE: 10.20,,,economic_indicator,UNRATE,10.2,,,,,,,,,,,,,,,
financial,FRED - UNRATE,2020-08-01,,UNRATE: 8.40,,,economic_indicator,UNRATE,8.4,,,,,,,,,,,,,,,
financial,FRED - UNRATE,2020-09-01,,UNRATE: 7.80,,,economic_indicator,UNRATE,7.8,,,,,,,,,,,,,,,
financial,FRED - UNRATE,2020-10-01,,UNRATE: 6.90,,,economic_indicator,UNRATE,6.9,,,,,,,,,,,,,,,
financial,FRED - UNRATE,2020-11-01,,UNRATE: 6.70,,,economic_indicator,UNRATE,6.7,,,,,,,,,,,,,,,
financial,FRED - UNRATE,2020-12-01,,UNRATE: 6.70,,,economic_indicator,UNRATE,6.7,,,,,,,,,,,,,,,
financial,FRED - UNRATE,2021-01-01,,UNRATE: 6.40,,,economic_indicator,UNRATE,6.4,,,,,,,,,,,,,,,
financial,FRED - UNRATE,2021-02-01,,UNRATE: 6.20,,,economic_indicator,UNRATE,6.2,,,,,,,,,,,,,,,
financial,FRED - UNRATE,2021-03-01,,UNRATE: 6.10,,,economic_indicator,UNRATE,6.1,,,,,,,,,,,,,,,
financial,FRED - UNRATE,2021-04-01,,UNRATE: 6.10,,,economic_indicator,UNRATE,6.1,,,,,,,,,,,,,,,
financial,FRED - UNRATE,2021-05-01,,UNRATE: 5.80,,,economic_indicator,UNRATE,5.8,,,,,,,,,,,,,,,
financial,FRED - UNRATE,2021-06-01,,UNRATE: 5.90,,,economic_indicator,UNRATE,5.9,,,,,,,,,,,,,,,
financial,FRED - UNRATE,2021-07-01,,UNRATE: 5.40,,,economic_indicator,UNRATE,5.4,,,,,,,,,,,,,,,
financial,FRED - UNRATE,2021-08-01,,UNRATE: 5.10,,,economic_indicator,UNRATE,5.1,,,,,,,,,,,,,,,
financial,FRED - UNRATE,2021-09-01,,UNRATE: 4.70,,,economic_indicator,UNRATE,4.7,,,,,,,,,,,,,,,
financial,FRED - UNRATE,2021-10-01,,UNRATE: 4.50,,,economic_indicator,UNRATE,4.5,,,,,,,,,,,,,,,
financial,FRED - UNRATE,2021-11-01,,UNRATE: 4.10,,,economic_indicator,UNRATE,4.1,,,,,,,,,,,,,,,
financial,FRED - UNRATE,2021-12-01,,UNRATE: 3.90,,,economic_indicator,UNRATE,3.9,,,,,,,,,,,,,,,
financial,FRED - UNRATE,2022-01-01,,UNRATE: 4.00,,,economic_indicator,UNRATE,4.0,,,,,,,,,,,,,,,
financial,FRED - UNRATE,2022-02-01,,UNRATE: 3.90,,,economic_indicator,UNRATE,3.9,,,,,,,,,,,,,,,
financial,FRED - UNRATE,2022-03-01,,UNRATE: 3.70,,,economic_indicator,UNRATE,3.7,,,,,,,,,,,,,,,
financial,FRED - UNRATE,2022-04-01,,UNRATE: 3.70,,,economic_indicator,UNRATE,3.7,,,,,,,,,,,,,,,
financial,FRED - UNRATE,2022-05-01,,UNRATE: 3.60,,,economic_indicator,UNRATE,3.6,,,,,,,,,,,,,,,
financial,FRED - UNRATE,2022-06-01,,UNRATE: 3.60,,,economic_indicator,UNRATE,3.6,,,,,,,,,,,,,,,
financial,FRED - UNRATE,2022-07-01,,UNRATE: 3.50,,,economic_indicator,UNRATE,3.5,,,,,,,,,,,,,,,
financial,FRED - UNRATE,2022-08-01,,UNRATE: 3.60,,,economic_indicator,UNRATE,3.6,,,,,,,,,,,,,,,
financial,FRED - UNRATE,2022-09-01,,UNRATE: 3.50,,,economic_indicator,UNRATE,3.5,,,,,,,,,,,,,,,
financial,FRED - UNRATE,2022-10-01,,UNRATE: 3.60,,,economic_indicator,UNRATE,3.6,,,,,,,,,,,,,,,
financial,FRED - UNRATE,2022-11-01,,UNRATE: 3.60,,,economic_indicator,UNRATE,3.6,,,,,,,,,,,,,,,
financial,FRED - UNRATE,2022-12-01,,UNRATE: 3.50,,,economic_indicator,UNRATE,3.5,,,,,,,,,,,,,,,
financial,FRED - UNRATE,2023-01-01,,UNRATE: 3.50,,,economic_indicator,UNRATE,3.5,,,,,,,,,,,,,,,
financial,FRED - UNRATE,2023-02-01,,UNRATE: 3.60,,,economic_indicator,UNRATE,3.6,,,,,,,,,,,,,,,
financial,FRED - UNRATE,2023-03-01,,UNRATE: 3.50,,,economic_indicator,UNRATE,3.5,,,,,,,,,,,,,,,
financial,FRED - UNRATE,2023-04-01,,UNRATE: 3.40,,,economic_indicator,UNRATE,3.4,,,,,,,,,,,,,,,
financial,FRED - UNRATE,2023-05-01,,UNRATE: 3.60,,,economic_indicator,UNRATE,3.6,,,,,,,,,,,,,,,
financial,FRED - UNRATE,2023-06-01,,UNRATE: 3.60,,,economic_indicator,UNRATE,3.6,,,,,,,,,,,,,,,
financial,FRED - UNRATE,2023-07-01,,UNRATE: 3.50,,,economic_indicator,UNRATE,3.5,,,,,,,,,,,,,,,
financial,FRED - UNRATE,2023-08-01,,UNRATE: 3.70,,,economic_indicator,UNRATE,3.7,,,,,,,,,,,,,,,
financial,FRED - UNRATE,2023-09-01,,UNRATE: 3.70,,,economic_indicator,UNRATE,3.7,,,,,,,,,,,,,,,
financial,FRED - UNRATE,2023-10-01,,UNRATE: 3.90,,,economic_indicator,UNRATE,3.9,,,,,,,,,,,,,,,
financial,FRED - UNRATE,2023-11-01,,UNRATE: 3.70,,,economic_indicator,UNRATE,3.7,,,,,,,,,,,,,,,
financial,FRED - UNRATE,2023-12-01,,UNRATE: 3.80,,,economic_indicator,UNRATE,3.8,,,,,,,,,,,,,,,
financial,FRED - UNRATE,2024-01-01,,UNRATE: 3.70,,,economic_indicator,UNRATE,3.7,,,,,,,,,,,,,,,
financial,FRED - UNRATE,2024-02-01,,UNRATE: 3.90,,,economic_indicator,UNRATE,3.9,,,,,,,,,,,,,,,
financial,FRED - UNRATE,2024-03-01,,UNRATE: 3.90,,,economic_indicator,UNRATE,3.9,,,,,,,,,,,,,,,
financial,FRED - UNRATE,2024-04-01,,UNRATE: 3.90,,,economic_indicator,UNRATE,3.9,,,,,,,,,,,,,,,
financial,FRED - UNRATE,2024-05-01,,UNRATE: 3.90,,,economic_indicator,UNRATE,3.9,,,,,,,,,,,,,,,
financial,FRED - UNRATE,2024-06-01,,UNRATE: 4.10,,,economic_indicator,UNRATE,4.1,,,,,,,,,,,,,,,
financial,FRED - UNRATE,2024-07-01,,UNRATE: 4.20,,,economic_indicator,UNRATE,4.2,,,,,,,,,,,,,,,
financial,FRED - UNRATE,2024-08-01,,UNRATE: 4.20,,,economic_indicator,UNRATE,4.2,,,,,,,,,,,,,,,
financial,FRED - UNRATE,2024-09-01,,UNRATE: 4.10,,,economic_indicator,UNRATE,4.1,,,,,,,,,,,,,,,
financial,FRED - UNRATE,2024-10-01,,UNRATE: 4.10,,,economic_indicator,UNRATE,4.1,,,,,,,,,,,,,,,
financial,FRED - UNRATE,2024-11-01,,UNRATE: 4.20,,,economic_indicator,UNRATE,4.2,,,,,,,,,,,,,,,
financial,FRED - UNRATE,2024-12-01,,UNRATE: 4.10,,,economic_indicator,UNRATE,4.1,,,,,,,,,,,,,,,
financial,FRED - UNRATE,2025-01-01,,UNRATE: 4.00,,,economic_indicator,UNRATE,4.0,,,,,,,,,,,,,,,
financial,FRED - UNRATE,2025-02-01,,UNRATE: 4.20,,,economic_indicator,UNRATE,4.2,,,,,,,,,,,,,,,
financial,FRED - UNRATE,2025-03-01,,UNRATE: 4.20,,,economic_indicator,UNRATE,4.2,,,,,,,,,,,,,,,
financial,FRED - UNRATE,2025-04-01,,UNRATE: 4.20,,,economic_indicator,UNRATE,4.2,,,,,,,,,,,,,,,
financial,FRED - UNRATE,2025-05-01,,UNRATE: 4.30,,,economic_indicator,UNRATE,4.3,,,,,,,,,,,,,,,
financial,FRED - UNRATE,2025-06-01,,UNRATE: 4.10,,,economic_indicator,UNRATE,4.1,,,,,,,,,,,,,,,
financial,FRED - UNRATE,2025-07-01,,UNRATE: 4.30,,,economic_indicator,UNRATE,4.3,,,,,,,,,,,,,,,
financial,FRED - UNRATE,2025-08-01,,UNRATE: 4.30,,,economic_indicator,UNRATE,4.3,,,,,,,,,,,,,,,
financial,FRED - UNRATE,2025-09-01,,UNRATE: 4.40,,,economic_indicator,UNRATE,4.4,,,,,,,,,,,,,,,
financial,FRED - UNRATE,2025-11-01,,UNRATE: 4.50,,,economic_indicator,UNRATE,4.5,,,,,,,,,,,,,,,
financial,FRED - UNRATE,2025-12-01,,UNRATE: 4.40,,,economic_indicator,UNRATE,4.4,,,,,,,,,,,,,,,
financial,FRED - UNRATE,2026-01-01,,UNRATE: 4.30,,,economic_indicator,UNRATE,4.3,,,,,,,,,,,,,,,
financial,FRED - UNRATE,2026-02-01,,UNRATE: 4.40,,,economic_indicator,UNRATE,4.4,,,,,,,,,,,,,,,
financial,FRED - UNRATE,2026-03-01,,UNRATE: 4.30,,,economic_indicator,UNRATE,4.3,,,,,,,,,,,,,,,
financial,FRED - UNRATE,2026-04-01,,UNRATE: 4.30,,,economic_indicator,UNRATE,4.3,,,,,,,,,,,,,,,
financial,FRED - PPIACO,2016-05-01,,PPIACO: 185.30,,,economic_indicator,PPIACO,185.3,,,,,,,,,,,,,,,
financial,FRED - PPIACO,2016-06-01,,PPIACO: 187.60,,,economic_indicator,PPIACO,187.6,,,,,,,,,,,,,,,
financial,FRED - PPIACO,2016-07-01,,PPIACO: 187.70,,,economic_indicator,PPIACO,187.7,,,,,,,,,,,,,,,
financial,FRED - PPIACO,2016-08-01,,PPIACO: 186.60,,,economic_indicator,PPIACO,186.6,,,,,,,,,,,,,,,
financial,FRED - PPIACO,2016-09-01,,PPIACO: 186.90,,,economic_indicator,PPIACO,186.9,,,,,,,,,,,,,,,
financial,FRED - PPIACO,2016-10-01,,PPIACO: 186.70,,,economic_indicator,PPIACO,186.7,,,,,,,,,,,,,,,
financial,FRED - PPIACO,2016-11-01,,PPIACO: 186.30,,,economic_indicator,PPIACO,186.3,,,,,,,,,,,,,,,
financial,FRED - PPIACO,2016-12-01,,PPIACO: 188.20,,,economic_indicator,PPIACO,188.2,,,,,,,,,,,,,,,
financial,FRED - PPIACO,2017-01-01,,PPIACO: 190.70,,,economic_indicator,PPIACO,190.7,,,,,,,,,,,,,,,
financial,FRED - PPIACO,2017-02-01,,PPIACO: 191.60,,,economic_indicator,PPIACO,191.6,,,,,,,,,,,,,,,
financial,FRED - PPIACO,2017-03-01,,PPIACO: 191.50,,,economic_indicator,PPIACO,191.5,,,,,,,,,,,,,,,
financial,FRED - PPIACO,2017-04-01,,PPIACO: 193.00,,,economic_indicator,PPIACO,193.0,,,,,,,,,,,,,,,
financial,FRED - PPIACO,2017-05-01,,PPIACO: 192.80,,,economic_indicator,PPIACO,192.8,,,,,,,,,,,,,,,
financial,FRED - PPIACO,2017-06-01,,PPIACO: 193.60,,,economic_indicator,PPIACO,193.6,,,,,,,,,,,,,,,
financial,FRED - PPIACO,2017-07-01,,PPIACO: 193.50,,,economic_indicator,PPIACO,193.5,,,,,,,,,,,,,,,
financial,FRED - PPIACO,2017-08-01,,PPIACO: 193.80,,,economic_indicator,PPIACO,193.8,,,,,,,,,,,,,,,
financial,FRED - PPIACO,2017-09-01,,PPIACO: 194.80,,,economic_indicator,PPIACO,194.8,,,,,,,,,,,,,,,
financial,FRED - PPIACO,2017-10-01,,PPIACO: 194.90,,,economic_indicator,PPIACO,194.9,,,,,,,,,,,,,,,
financial,FRED - PPIACO,2017-11-01,,PPIACO: 195.90,,,economic_indicator,PPIACO,195.9,,,,,,,,,,,,,,,
financial,FRED - PPIACO,2017-12-01,,PPIACO: 196.30,,,economic_indicator,PPIACO,196.3,,,,,,,,,,,,,,,
financial,FRED - PPIACO,2018-01-01,,PPIACO: 197.90,,,economic_indicator,PPIACO,197.9,,,,,,,,,,,,,,,
financial,FRED - PPIACO,2018-02-01,,PPIACO: 199.30,,,economic_indicator,PPIACO,199.3,,,,,,,,,,,,,,,
financial,FRED - PPIACO,2018-03-01,,PPIACO: 199.30,,,economic_indicator,PPIACO,199.3,,,,,,,,,,,,,,,
financial,FRED - PPIACO,2018-04-01,,PPIACO: 200.30,,,economic_indicator,PPIACO,200.3,,,,,,,,,,,,,,,
financial,FRED - PPIACO,2018-05-01,,PPIACO: 203.20,,,economic_indicator,PPIACO,203.2,,,,,,,,,,,,,,,
financial,FRED - PPIACO,2018-06-01,,PPIACO: 204.20,,,economic_indicator,PPIACO,204.2,,,,,,,,,,,,,,,
financial,FRED - PPIACO,2018-07-01,,PPIACO: 204.30,,,economic_indicator,PPIACO,204.3,,,,,,,,,,,,,,,
financial,FRED - PPIACO,2018-08-01,,PPIACO: 203.40,,,economic_indicator,PPIACO,203.4,,,,,,,,,,,,,,,
financial,FRED - PPIACO,2018-09-01,,PPIACO: 203.60,,,economic_indicator,PPIACO,203.6,,,,,,,,,,,,,,,
financial,FRED - PPIACO,2018-10-01,,PPIACO: 204.60,,,economic_indicator,PPIACO,204.6,,,,,,,,,,,,,,,
financial,FRED - PPIACO,2018-11-01,,PPIACO: 202.30,,,economic_indicator,PPIACO,202.3,,,,,,,,,,,,,,,
financial,FRED - PPIACO,2018-12-01,,PPIACO: 201.00,,,economic_indicator,PPIACO,201.0,,,,,,,,,,,,,,,
financial,FRED - PPIACO,2019-01-01,,PPIACO: 199.10,,,economic_indicator,PPIACO,199.1,,,,,,,,,,,,,,,
financial,FRED - PPIACO,2019-02-01,,PPIACO: 199.20,,,economic_indicator,PPIACO,199.2,,,,,,,,,,,,,,,
financial,FRED - PPIACO,2019-03-01,,PPIACO: 200.80,,,economic_indicator,PPIACO,200.8,,,,,,,,,,,,,,,
financial,FRED - PPIACO,2019-04-01,,PPIACO: 202.10,,,economic_indicator,PPIACO,202.1,,,,,,,,,,,,,,,
financial,FRED - PPIACO,2019-05-01,,PPIACO: 201.70,,,economic_indicator,PPIACO,201.7,,,,,,,,,,,,,,,
financial,FRED - PPIACO,2019-06-01,,PPIACO: 200.30,,,economic_indicator,PPIACO,200.3,,,,,,,,,,,,,,,
financial,FRED - PPIACO,2019-07-01,,PPIACO: 200.70,,,economic_indicator,PPIACO,200.7,,,,,,,,,,,,,,,
financial,FRED - PPIACO,2019-08-01,,PPIACO: 199.20,,,economic_indicator,PPIACO,199.2,,,,,,,,,,,,,,,
financial,FRED - PPIACO,2019-09-01,,PPIACO: 198.40,,,economic_indicator,PPIACO,198.4,,,,,,,,,,,,,,,
financial,FRED - PPIACO,2019-10-01,,PPIACO: 198.60,,,economic_indicator,PPIACO,198.6,,,,,,,,,,,,,,,
financial,FRED - PPIACO,2019-11-01,,PPIACO: 199.00,,,economic_indicator,PPIACO,199.0,,,,,,,,,,,,,,,
financial,FRED - PPIACO,2019-12-01,,PPIACO: 199.00,,,economic_indicator,PPIACO,199.0,,,,,,,,,,,,,,,
financial,FRED - PPIACO,2020-01-01,,PPIACO: 199.30,,,economic_indicator,PPIACO,199.3,,,,,,,,,,,,,,,
financial,FRED - PPIACO,2020-02-01,,PPIACO: 196.70,,,economic_indicator,PPIACO,196.7,,,,,,,,,,,,,,,
financial,FRED - PPIACO,2020-03-01,,PPIACO: 193.10,,,economic_indicator,PPIACO,193.1,,,,,,,,,,,,,,,
financial,FRED - PPIACO,2020-04-01,,PPIACO: 185.50,,,economic_indicator,PPIACO,185.5,,,,,,,,,,,,,,,
financial,FRED - PPIACO,2020-05-01,,PPIACO: 188.60,,,economic_indicator,PPIACO,188.6,,,,,,,,,,,,,,,
financial,FRED - PPIACO,2020-06-01,,PPIACO: 191.20,,,economic_indicator,PPIACO,191.2,,,,,,,,,,,,,,,
financial,FRED - PPIACO,2020-07-01,,PPIACO: 193.00,,,economic_indicator,PPIACO,193.0,,,,,,,,,,,,,,,
financial,FRED - PPIACO,2020-08-01,,PPIACO: 194.30,,,economic_indicator,PPIACO,194.3,,,,,,,,,,,,,,,
financial,FRED - PPIACO,2020-09-01,,PPIACO: 195.50,,,economic_indicator,PPIACO,195.5,,,,,,,,,,,,,,,
financial,FRED - PPIACO,2020-10-01,,PPIACO: 196.50,,,economic_indicator,PPIACO,196.5,,,,,,,,,,,,,,,
financial,FRED - PPIACO,2020-11-01,,PPIACO: 198.30,,,economic_indicator,PPIACO,198.3,,,,,,,,,,,,,,,
financial,FRED - PPIACO,2020-12-01,,PPIACO: 200.50,,,economic_indicator,PPIACO,200.5,,,,,,,,,,,,,,,
financial,FRED - PPIACO,2021-01-01,,PPIACO: 204.80,,,economic_indicator,PPIACO,204.8,,,,,,,,,,,,,,,
financial,FRED - PPIACO,2021-02-01,,PPIACO: 210.60,,,economic_indicator,PPIACO,210.6,,,,,,,,,,,,,,,
financial,FRED - PPIACO,2021-03-01,,PPIACO: 215.00,,,economic_indicator,PPIACO,215.0,,,,,,,,,,,,,,,
financial,FRED - PPIACO,2021-04-01,,PPIACO: 217.90,,,economic_indicator,PPIACO,217.9,,,,,,,,,,,,,,,
financial,FRED - PPIACO,2021-05-01,,PPIACO: 224.90,,,economic_indicator,PPIACO,224.9,,,,,,,,,,,,,,,
financial,FRED - PPIACO,2021-06-01,,PPIACO: 228.90,,,economic_indicator,PPIACO,228.9,,,,,,,,,,,,,,,
financial,FRED - PPIACO,2021-07-01,,PPIACO: 231.85,,,economic_indicator,PPIACO,231.85,,,,,,,,,,,,,,,
financial,FRED - PPIACO,2021-08-01,,PPIACO: 233.41,,,economic_indicator,PPIACO,233.415,,,,,,,,,,,,,,,
financial,FRED - PPIACO,2021-09-01,,PPIACO: 235.68,,,economic_indicator,PPIACO,235.678,,,,,,,,,,,,,,,
financial,FRED - PPIACO,2021-10-01,,PPIACO: 240.47,,,economic_indicator,PPIACO,240.465,,,,,,,,,,,,,,,
financial,FRED - PPIACO,2021-11-01,,PPIACO: 243.29,,,economic_indicator,PPIACO,243.287,,,,,,,,,,,,,,,
financial,FRED - PPIACO,2021-12-01,,PPIACO: 241.34,,,economic_indicator,PPIACO,241.338,,,,,,,,,,,,,,,
financial,FRED - PPIACO,2022-01-01,,PPIACO: 246.45,,,economic_indicator,PPIACO,246.453,,,,,,,,,,,,,,,
financial,FRED - PPIACO,2022-02-01,,PPIACO: 252.66,,,economic_indicator,PPIACO,252.66,,,,,,,,,,,,,,,
financial,FRED - PPIACO,2022-03-01,,PPIACO: 260.01,,,economic_indicator,PPIACO,260.014,,,,,,,,,,,,,,,
financial,FRED - PPIACO,2022-04-01,,PPIACO: 265.31,,,economic_indicator,PPIACO,265.31,,,,,,,,,,,,,,,
financial,FRED - PPIACO,2022-05-01,,PPIACO: 273.25,,,economic_indicator,PPIACO,273.251,,,,,,,,,,,,,,,
financial,FRED - PPIACO,2022-06-01,,PPIACO: 280.25,,,economic_indicator,PPIACO,280.251,,,,,,,,,,,,,,,
financial,FRED - PPIACO,2022-07-01,,PPIACO: 272.27,,,economic_indicator,PPIACO,272.274,,,,,,,,,,,,,,,
financial,FRED - PPIACO,2022-08-01,,PPIACO: 269.55,,,economic_indicator,PPIACO,269.546,,,,,,,,,,,,,,,
financial,FRED - PPIACO,2022-09-01,,PPIACO: 267.90,,,economic_indicator,PPIACO,267.898,,,,,,,,,,,,,,,
financial,FRED - PPIACO,2022-10-01,,PPIACO: 265.06,,,economic_indicator,PPIACO,265.061,,,,,,,,,,,,,,,
financial,FRED - PPIACO,2022-11-01,,PPIACO: 263.16,,,economic_indicator,PPIACO,263.157,,,,,,,,,,,,,,,
financial,FRED - PPIACO,2022-12-01,,PPIACO: 257.90,,,economic_indicator,PPIACO,257.897,,,,,,,,,,,,,,,
financial,FRED - PPIACO,2023-01-01,,PPIACO: 260.23,,,economic_indicator,PPIACO,260.227,,,,,,,,,,,,,,,
financial,FRED - PPIACO,2023-02-01,,PPIACO: 258.67,,,economic_indicator,PPIACO,258.669,,,,,,,,,,,,,,,
financial,FRED - PPIACO,2023-03-01,,PPIACO: 257.06,,,economic_indicator,PPIACO,257.062,,,,,,,,,,,,,,,
financial,FRED - PPIACO,2023-04-01,,PPIACO: 256.91,,,economic_indicator,PPIACO,256.908,,,,,,,,,,,,,,,
financial,FRED - PPIACO,2023-05-01,,PPIACO: 253.67,,,economic_indicator,PPIACO,253.67,,,,,,,,,,,,,,,
financial,FRED - PPIACO,2023-06-01,,PPIACO: 253.86,,,economic_indicator,PPIACO,253.86,,,,,,,,,,,,,,,
financial,FRED - PPIACO,2023-07-01,,PPIACO: 253.84,,,economic_indicator,PPIACO,253.835,,,,,,,,,,,,,,,
financial,FRED - PPIACO,2023-08-01,,PPIACO: 257.68,,,economic_indicator,PPIACO,257.68,,,,,,,,,,,,,,,
financial,FRED - PPIACO,2023-09-01,,PPIACO: 258.93,,,economic_indicator,PPIACO,258.934,,,,,,,,,,,,,,,
financial,FRED - PPIACO,2023-10-01,,PPIACO: 255.19,,,economic_indicator,PPIACO,255.192,,,,,,,,,,,,,,,
financial,FRED - PPIACO,2023-11-01,,PPIACO: 252.86,,,economic_indicator,PPIACO,252.856,,,,,,,,,,,,,,,
financial,FRED - PPIACO,2023-12-01,,PPIACO: 249.87,,,economic_indicator,PPIACO,249.866,,,,,,,,,,,,,,,
financial,FRED - PPIACO,2024-01-01,,PPIACO: 251.31,,,economic_indicator,PPIACO,251.306,,,,,,,,,,,,,,,
financial,FRED - PPIACO,2024-02-01,,PPIACO: 254.93,,,economic_indicator,PPIACO,254.926,,,,,,,,,,,,,,,
financial,FRED - PPIACO,2024-03-01,,PPIACO: 255.09,,,economic_indicator,PPIACO,255.095,,,,,,,,,,,,,,,
financial,FRED - PPIACO,2024-04-01,,PPIACO: 256.98,,,economic_indicator,PPIACO,256.978,,,,,,,,,,,,,,,
financial,FRED - PPIACO,2024-05-01,,PPIACO: 255.31,,,economic_indicator,PPIACO,255.313,,,,,,,,,,,,,,,
financial,FRED - PPIACO,2024-06-01,,PPIACO: 255.91,,,economic_indicator,PPIACO,255.914,,,,,,,,,,,,,,,
financial,FRED - PPIACO,2024-07-01,,PPIACO: 257.32,,,economic_indicator,PPIACO,257.321,,,,,,,,,,,,,,,
financial,FRED - PPIACO,2024-08-01,,PPIACO: 255.46,,,economic_indicator,PPIACO,255.463,,,,,,,,,,,,,,,
financial,FRED - PPIACO,2024-09-01,,PPIACO: 252.68,,,economic_indicator,PPIACO,252.682,,,,,,,,,,,,,,,
financial,FRED - PPIACO,2024-10-01,,PPIACO: 253.08,,,economic_indicator,PPIACO,253.081,,,,,,,,,,,,,,,
financial,FRED - PPIACO,2024-11-01,,PPIACO: 253.21,,,economic_indicator,PPIACO,253.211,,,,,,,,,,,,,,,
financial,FRED - PPIACO,2024-12-01,,PPIACO: 253.42,,,economic_indicator,PPIACO,253.423,,,,,,,,,,,,,,,
financial,FRED - PPIACO,2025-01-01,,PPIACO: 257.36,,,economic_indicator,PPIACO,257.36,,,,,,,,,,,,,,,
financial,FRED - PPIACO,2025-02-01,,PPIACO: 259.50,,,economic_indicator,PPIACO,259.498,,,,,,,,,,,,,,,
financial,FRED - PPIACO,2025-03-01,,PPIACO: 258.52,,,economic_indicator,PPIACO,258.525,,,,,,,,,,,,,,,
financial,FRED - PPIACO,2025-04-01,,PPIACO: 258.39,,,economic_indicator,PPIACO,258.392,,,,,,,,,,,,,,,
financial,FRED - PPIACO,2025-05-01,,PPIACO: 258.68,,,economic_indicator,PPIACO,258.678,,,,,,,,,,,,,,,
financial,FRED - PPIACO,2025-06-01,,PPIACO: 260.49,,,economic_indicator,PPIACO,260.491,,,,,,,,,,,,,,,
financial,FRED - PPIACO,2025-07-01,,PPIACO: 262.36,,,economic_indicator,PPIACO,262.358,,,,,,,,,,,,,,,
financial,FRED - PPIACO,2025-08-01,,PPIACO: 262.11,,,economic_indicator,PPIACO,262.11,,,,,,,,,,,,,,,
financial,FRED - PPIACO,2025-09-01,,PPIACO: 262.05,,,economic_indicator,PPIACO,262.054,,,,,,,,,,,,,,,
financial,FRED - PPIACO,2025-10-01,,PPIACO: 260.59,,,economic_indicator,PPIACO,260.591,,,,,,,,,,,,,,,
financial,FRED - PPIACO,2025-11-01,,PPIACO: 261.91,,,economic_indicator,PPIACO,261.914,,,,,,,,,,,,,,,
financial,FRED - PPIACO,2025-12-01,,PPIACO: 261.33,,,economic_indicator,PPIACO,261.333,,,,,,,,,,,,,,,
financial,FRED - PPIACO,2026-01-01,,PPIACO: 263.54,,,economic_indicator,PPIACO,263.537,,,,,,,,,,,,,,,
financial,FRED - PPIACO,2026-02-01,,PPIACO: 269.91,,,economic_indicator,PPIACO,269.909,,,,,,,,,,,,,,,
financial,FRED - PPIACO,2026-03-01,,PPIACO: 276.42,,,economic_indicator,PPIACO,276.42,,,,,,,,,,,,,,,
financial,FRED - PPIACO,2026-04-01,,PPIACO: 283.76,,,economic_indicator,PPIACO,283.764,,,,,,,,,,,,,,,
financial,FRED - INDPRO,2016-05-01,,INDPRO: 98.42,,,economic_indicator,INDPRO,98.4184,,,,,,,,,,,,,,,
financial,FRED - INDPRO,2016-06-01,,INDPRO: 98.88,,,economic_indicator,INDPRO,98.8833,,,,,,,,,,,,,,,
financial,FRED - INDPRO,2016-07-01,,INDPRO: 99.00,,,economic_indicator,INDPRO,98.9992,,,,,,,,,,,,,,,
financial,FRED - INDPRO,2016-08-01,,INDPRO: 98.85,,,economic_indicator,INDPRO,98.85,,,,,,,,,,,,,,,
financial,FRED - INDPRO,2016-09-01,,INDPRO: 98.75,,,economic_indicator,INDPRO,98.7457,,,,,,,,,,,,,,,
financial,FRED - INDPRO,2016-10-01,,INDPRO: 98.76,,,economic_indicator,INDPRO,98.7611,,,,,,,,,,,,,,,
financial,FRED - INDPRO,2016-11-01,,INDPRO: 98.35,,,economic_indicator,INDPRO,98.3491,,,,,,,,,,,,,,,
financial,FRED - INDPRO,2016-12-01,,INDPRO: 99.02,,,economic_indicator,INDPRO,99.0214,,,,,,,,,,,,,,,
financial,FRED - INDPRO,2017-01-01,,INDPRO: 98.76,,,economic_indicator,INDPRO,98.7611,,,,,,,,,,,,,,,
financial,FRED - INDPRO,2017-02-01,,INDPRO: 98.36,,,economic_indicator,INDPRO,98.3646,,,,,,,,,,,,,,,
financial,FRED - INDPRO,2017-03-01,,INDPRO: 99.01,,,economic_indicator,INDPRO,99.0137,,,,,,,,,,,,,,,
financial,FRED - INDPRO,2017-04-01,,INDPRO: 100.02,,,economic_indicator,INDPRO,100.0224,,,,,,,,,,,,,,,
financial,FRED - INDPRO,2017-05-01,,INDPRO: 100.14,,,economic_indicator,INDPRO,100.1408,,,,,,,,,,,,,,,
financial,FRED - INDPRO,2017-06-01,,INDPRO: 100.35,,,economic_indicator,INDPRO,100.3471,,,,,,,,,,,,,,,
financial,FRED - INDPRO,2017-07-01,,INDPRO: 100.11,,,economic_indicator,INDPRO,100.1068,,,,,,,,,,,,,,,
financial,FRED - INDPRO,2017-08-01,,INDPRO: 99.69,,,economic_indicator,INDPRO,99.6925,,,,,,,,,,,,,,,
financial,FRED - INDPRO,2017-09-01,,INDPRO: 99.80,,,economic_indicator,INDPRO,99.7954,,,,,,,,,,,,,,,
financial,FRED - INDPRO,2017-10-01,,INDPRO: 101.02,,,economic_indicator,INDPRO,101.0247,,,,,,,,,,,,,,,
financial,FRED - INDPRO,2017-11-01,,INDPRO: 101.27,,,economic_indicator,INDPRO,101.2664,,,,,,,,,,,,,,,
financial,FRED - INDPRO,2017-12-01,,INDPRO: 101.46,,,economic_indicator,INDPRO,101.4644,,,,,,,,,,,,,,,
financial,FRED - INDPRO,2018-01-01,,INDPRO: 101.46,,,economic_indicator,INDPRO,101.4625,,,,,,,,,,,,,,,
financial,FRED - INDPRO,2018-02-01,,INDPRO: 101.71,,,economic_indicator,INDPRO,101.7085,,,,,,,,,,,,,,,
financial,FRED - INDPRO,2018-03-01,,INDPRO: 102.21,,,economic_indicator,INDPRO,102.2067,,,,,,,,,,,,,,,
financial,FRED - INDPRO,2018-04-01,,INDPRO: 103.33,,,economic_indicator,INDPRO,103.3329,,,,,,,,,,,,,,,
financial,FRED - INDPRO,2018-05-01,,INDPRO: 102.40,,,economic_indicator,INDPRO,102.4024,,,,,,,,,,,,,,,
financial,FRED - INDPRO,2018-06-01,,INDPRO: 103.20,,,economic_indicator,INDPRO,103.198,,,,,,,,,,,,,,,
financial,FRED - INDPRO,2018-07-01,,INDPRO: 103.36,,,economic_indicator,INDPRO,103.3646,,,,,,,,,,,,,,,
financial,FRED - INDPRO,2018-08-01,,INDPRO: 104.03,,,economic_indicator,INDPRO,104.0327,,,,,,,,,,,,,,,
financial,FRED - INDPRO,2018-09-01,,INDPRO: 104.10,,,economic_indicator,INDPRO,104.1004,,,,,,,,,,,,,,,
financial,FRED - INDPRO,2018-10-01,,INDPRO: 103.99,,,economic_indicator,INDPRO,103.9856,,,,,,,,,,,,,,,
financial,FRED - INDPRO,2018-11-01,,INDPRO: 104.07,,,economic_indicator,INDPRO,104.0681,,,,,,,,,,,,,,,
financial,FRED - INDPRO,2018-12-01,,INDPRO: 104.09,,,economic_indicator,INDPRO,104.0936,,,,,,,,,,,,,,,
financial,FRED - INDPRO,2019-01-01,,INDPRO: 103.40,,,economic_indicator,INDPRO,103.4021,,,,,,,,,,,,,,,
financial,FRED - INDPRO,2019-02-01,,INDPRO: 102.84,,,economic_indicator,INDPRO,102.8371,,,,,,,,,,,,,,,
financial,FRED - INDPRO,2019-03-01,,INDPRO: 102.88,,,economic_indicator,INDPRO,102.8757,,,,,,,,,,,,,,,
financial,FRED - INDPRO,2019-04-01,,INDPRO: 102.27,,,economic_indicator,INDPRO,102.274,,,,,,,,,,,,,,,
financial,FRED - INDPRO,2019-05-01,,INDPRO: 102.39,,,economic_indicator,INDPRO,102.392,,,,,,,,,,,,,,,
financial,FRED - INDPRO,2019-06-01,,INDPRO: 102.44,,,economic_indicator,INDPRO,102.4375,,,,,,,,,,,,,,,
financial,FRED - INDPRO,2019-07-01,,INDPRO: 101.94,,,economic_indicator,INDPRO,101.9408,,,,,,,,,,,,,,,
financial,FRED - INDPRO,2019-08-01,,INDPRO: 102.64,,,economic_indicator,INDPRO,102.639,,,,,,,,,,,,,,,
financial,FRED - INDPRO,2019-09-01,,INDPRO: 102.29,,,economic_indicator,INDPRO,102.2917,,,,,,,,,,,,,,,
financial,FRED - INDPRO,2019-10-01,,INDPRO: 101.43,,,economic_indicator,INDPRO,101.4281,,,,,,,,,,,,,,,
financial,FRED - INDPRO,2019-11-01,,INDPRO: 101.94,,,economic_indicator,INDPRO,101.9372,,,,,,,,,,,,,,,
financial,FRED - INDPRO,2019-12-01,,INDPRO: 101.70,,,economic_indicator,INDPRO,101.7003,,,,,,,,,,,,,,,
financial,FRED - INDPRO,2020-01-01,,INDPRO: 101.03,,,economic_indicator,INDPRO,101.0338,,,,,,,,,,,,,,,
financial,FRED - INDPRO,2020-02-01,,INDPRO: 101.37,,,economic_indicator,INDPRO,101.3735,,,,,,,,,,,,,,,
financial,FRED - INDPRO,2020-03-01,,INDPRO: 97.41,,,economic_indicator,INDPRO,97.4078,,,,,,,,,,,,,,,
financial,FRED - INDPRO,2020-04-01,,INDPRO: 84.56,,,economic_indicator,INDPRO,84.5619,,,,,,,,,,,,,,,
financial,FRED - INDPRO,2020-05-01,,INDPRO: 85.96,,,economic_indicator,INDPRO,85.9604,,,,,,,,,,,,,,,
financial,FRED - INDPRO,2020-06-01,,INDPRO: 91.59,,,economic_indicator,INDPRO,91.5934,,,,,,,,,,,,,,,
financial,FRED - INDPRO,2020-07-01,,INDPRO: 95.03,,,economic_indicator,INDPRO,95.0256,,,,,,,,,,,,,,,
financial,FRED - INDPRO,2020-08-01,,INDPRO: 95.95,,,economic_indicator,INDPRO,95.9549,,,,,,,,,,,,,,,
financial,FRED - INDPRO,2020-09-01,,INDPRO: 95.97,,,economic_indicator,INDPRO,95.9669,,,,,,,,,,,,,,,
financial,FRED - INDPRO,2020-10-01,,INDPRO: 96.74,,,economic_indicator,INDPRO,96.7394,,,,,,,,,,,,,,,
financial,FRED - INDPRO,2020-11-01,,INDPRO: 97.08,,,economic_indicator,INDPRO,97.0816,,,,,,,,,,,,,,,
financial,FRED - INDPRO,2020-12-01,,INDPRO: 98.36,,,economic_indicator,INDPRO,98.363,,,,,,,,,,,,,,,
financial,FRED - INDPRO,2021-01-01,,INDPRO: 98.88,,,economic_indicator,INDPRO,98.8822,,,,,,,,,,,,,,,
financial,FRED - INDPRO,2021-02-01,,INDPRO: 95.61,,,economic_indicator,INDPRO,95.6149,,,,,,,,,,,,,,,
financial,FRED - INDPRO,2021-03-01,,INDPRO: 98.39,,,economic_indicator,INDPRO,98.3856,,,,,,,,,,,,,,,
financial,FRED - INDPRO,2021-04-01,,INDPRO: 98.56,,,economic_indicator,INDPRO,98.5587,,,,,,,,,,,,,,,
financial,FRED - INDPRO,2021-05-01,,INDPRO: 99.43,,,economic_indicator,INDPRO,99.4333,,,,,,,,,,,,,,,
financial,FRED - INDPRO,2021-06-01,,INDPRO: 99.80,,,economic_indicator,INDPRO,99.7987,,,,,,,,,,,,,,,
financial,FRED - INDPRO,2021-07-01,,INDPRO: 100.25,,,economic_indicator,INDPRO,100.2519,,,,,,,,,,,,,,,
financial,FRED - INDPRO,2021-08-01,,INDPRO: 100.04,,,economic_indicator,INDPRO,100.0437,,,,,,,,,,,,,,,
financial,FRED - INDPRO,2021-09-01,,INDPRO: 98.86,,,economic_indicator,INDPRO,98.8579,,,,,,,,,,,,,,,
financial,FRED - INDPRO,2021-10-01,,INDPRO: 100.19,,,economic_indicator,INDPRO,100.1861,,,,,,,,,,,,,,,
financial,FRED - INDPRO,2021-11-01,,INDPRO: 100.87,,,economic_indicator,INDPRO,100.8654,,,,,,,,,,,,,,,
financial,FRED - INDPRO,2021-12-01,,INDPRO: 100.57,,,economic_indicator,INDPRO,100.5726,,,,,,,,,,,,,,,
financial,FRED - INDPRO,2022-01-01,,INDPRO: 100.19,,,economic_indicator,INDPRO,100.1856,,,,,,,,,,,,,,,
financial,FRED - INDPRO,2022-02-01,,INDPRO: 100.81,,,economic_indicator,INDPRO,100.8064,,,,,,,,,,,,,,,
financial,FRED - INDPRO,2022-03-01,,INDPRO: 101.39,,,economic_indicator,INDPRO,101.3907,,,,,,,,,,,,,,,
financial,FRED - INDPRO,2022-04-01,,INDPRO: 101.44,,,economic_indicator,INDPRO,101.44,,,,,,,,,,,,,,,
financial,FRED - INDPRO,2022-05-01,,INDPRO: 101.33,,,economic_indicator,INDPRO,101.3335,,,,,,,,,,,,,,,
financial,FRED - INDPRO,2022-06-01,,INDPRO: 101.02,,,economic_indicator,INDPRO,101.018,,,,,,,,,,,,,,,
financial,FRED - INDPRO,2022-07-01,,INDPRO: 101.22,,,economic_indicator,INDPRO,101.223,,,,,,,,,,,,,,,
financial,FRED - INDPRO,2022-08-01,,INDPRO: 101.10,,,economic_indicator,INDPRO,101.0963,,,,,,,,,,,,,,,
financial,FRED - INDPRO,2022-09-01,,INDPRO: 101.29,,,economic_indicator,INDPRO,101.2918,,,,,,,,,,,,,,,
financial,FRED - INDPRO,2022-10-01,,INDPRO: 101.25,,,economic_indicator,INDPRO,101.2529,,,,,,,,,,,,,,,
financial,FRED - INDPRO,2022-11-01,,INDPRO: 100.96,,,economic_indicator,INDPRO,100.9552,,,,,,,,,,,,,,,
financial,FRED - INDPRO,2022-12-01,,INDPRO: 99.77,,,economic_indicator,INDPRO,99.7664,,,,,,,,,,,,,,,
financial,FRED - INDPRO,2023-01-01,,INDPRO: 100.50,,,economic_indicator,INDPRO,100.505,,,,,,,,,,,,,,,
financial,FRED - INDPRO,2023-02-01,,INDPRO: 100.64,,,economic_indicator,INDPRO,100.6416,,,,,,,,,,,,,,,
financial,FRED - INDPRO,2023-03-01,,INDPRO: 101.02,,,economic_indicator,INDPRO,101.0205,,,,,,,,,,,,,,,
financial,FRED - INDPRO,2023-04-01,,INDPRO: 101.25,,,economic_indicator,INDPRO,101.253,,,,,,,,,,,,,,,
financial,FRED - INDPRO,2023-05-01,,INDPRO: 100.93,,,economic_indicator,INDPRO,100.9286,,,,,,,,,,,,,,,
financial,FRED - INDPRO,2023-06-01,,INDPRO: 100.12,,,economic_indicator,INDPRO,100.1196,,,,,,,,,,,,,,,
financial,FRED - INDPRO,2023-07-01,,INDPRO: 100.91,,,economic_indicator,INDPRO,100.9067,,,,,,,,,,,,,,,
financial,FRED - INDPRO,2023-08-01,,INDPRO: 100.84,,,economic_indicator,INDPRO,100.8393,,,,,,,,,,,,,,,
financial,FRED - INDPRO,2023-09-01,,INDPRO: 101.02,,,economic_indicator,INDPRO,101.0211,,,,,,,,,,,,,,,
financial,FRED - INDPRO,2023-10-01,,INDPRO: 100.47,,,economic_indicator,INDPRO,100.4689,,,,,,,,,,,,,,,
financial,FRED - INDPRO,2023-11-01,,INDPRO: 100.86,,,economic_indicator,INDPRO,100.8639,,,,,,,,,,,,,,,
financial,FRED - INDPRO,2023-12-01,,INDPRO: 100.60,,,economic_indicator,INDPRO,100.6031,,,,,,,,,,,,,,,
financial,FRED - INDPRO,2024-01-01,,INDPRO: 99.22,,,economic_indicator,INDPRO,99.2223,,,,,,,,,,,,,,,
financial,FRED - INDPRO,2024-02-01,,INDPRO: 100.28,,,economic_indicator,INDPRO,100.285,,,,,,,,,,,,,,,
financial,FRED - INDPRO,2024-03-01,,INDPRO: 100.46,,,economic_indicator,INDPRO,100.4575,,,,,,,,,,,,,,,
financial,FRED - INDPRO,2024-04-01,,INDPRO: 100.24,,,economic_indicator,INDPRO,100.2434,,,,,,,,,,,,,,,
financial,FRED - INDPRO,2024-05-01,,INDPRO: 100.86,,,economic_indicator,INDPRO,100.863,,,,,,,,,,,,,,,
financial,FRED - INDPRO,2024-06-01,,INDPRO: 100.89,,,economic_indicator,INDPRO,100.894,,,,,,,,,,,,,,,
financial,FRED - INDPRO,2024-07-01,,INDPRO: 99.98,,,economic_indicator,INDPRO,99.9757,,,,,,,,,,,,,,,
financial,FRED - INDPRO,2024-08-01,,INDPRO: 100.43,,,economic_indicator,INDPRO,100.4309,,,,,,,,,,,,,,,
financial,FRED - INDPRO,2024-09-01,,INDPRO: 99.81,,,economic_indicator,INDPRO,99.8084,,,,,,,,,,,,,,,
financial,FRED - INDPRO,2024-10-01,,INDPRO: 99.47,,,economic_indicator,INDPRO,99.4695,,,,,,,,,,,,,,,
financial,FRED - INDPRO,2024-11-01,,INDPRO: 99.29,,,economic_indicator,INDPRO,99.2925,,,,,,,,,,,,,,,
financial,FRED - INDPRO,2024-12-01,,INDPRO: 100.33,,,economic_indicator,INDPRO,100.3273,,,,,,,,,,,,,,,
financial,FRED - INDPRO,2025-01-01,,INDPRO: 100.06,,,economic_indicator,INDPRO,100.0647,,,,,,,,,,,,,,,
financial,FRED - INDPRO,2025-02-01,,INDPRO: 101.10,,,economic_indicator,INDPRO,101.0993,,,,,,,,,,,,,,,
financial,FRED - INDPRO,2025-03-01,,INDPRO: 101.04,,,economic_indicator,INDPRO,101.0404,,,,,,,,,,,,,,,
financial,FRED - INDPRO,2025-04-01,,INDPRO: 101.13,,,economic_indicator,INDPRO,101.1279,,,,,,,,,,,,,,,
financial,FRED - INDPRO,2025-05-01,,INDPRO: 100.97,,,economic_indicator,INDPRO,100.9655,,,,,,,,,,,,,,,
financial,FRED - INDPRO,2025-06-01,,INDPRO: 101.48,,,economic_indicator,INDPRO,101.4785,,,,,,,,,,,,,,,
financial,FRED - INDPRO,2025-07-01,,INDPRO: 101.89,,,economic_indicator,INDPRO,101.894,,,,,,,,,,,,,,,
financial,FRED - INDPRO,2025-08-01,,INDPRO: 101.62,,,economic_indicator,INDPRO,101.6247,,,,,,,,,,,,,,,
financial,FRED - INDPRO,2025-09-01,,INDPRO: 101.67,,,economic_indicator,INDPRO,101.668,,,,,,,,,,,,,,,
financial,FRED - INDPRO,2025-10-01,,INDPRO: 101.22,,,economic_indicator,INDPRO,101.2195,,,,,,,,,,,,,,,
financial,FRED - INDPRO,2025-11-01,,INDPRO: 101.03,,,economic_indicator,INDPRO,101.0344,,,,,,,,,,,,,,,
financial,FRED - INDPRO,2025-12-01,,INDPRO: 101.52,,,economic_indicator,INDPRO,101.5203,,,,,,,,,,,,,,,
financial,FRED - INDPRO,2026-01-01,,INDPRO: 101.47,,,economic_indicator,INDPRO,101.4737,,,,,,,,,,,,,,,
financial,FRED - INDPRO,2026-02-01,,INDPRO: 102.10,,,economic_indicator,INDPRO,102.1009,,,,,,,,,,,,,,,
financial,FRED - INDPRO,2026-03-01,,INDPRO: 101.81,,,economic_indicator,INDPRO,101.806,,,,,,,,,,,,,,,
financial,FRED - INDPRO,2026-04-01,,INDPRO: 102.50,,,economic_indicator,INDPRO,102.4963,,,,,,,,,,,,,,,
weather,OpenWeather - New York,2026-05-24,Weather - New York,haze,,,,,,New York,US,10.58,6.17,Haze,haze,93,1031,100,40.7143,-74.006,openweather,,,
weather,OpenWeather - London,2026-05-24,Weather - London,few clouds,,,,,,London,GB,14.87,2.06,Clouds,few clouds,85,1029,13,51.5085,-0.1257,openweather,,,
weather,OpenWeather - Tokyo,2026-05-24,Weather - Tokyo,broken clouds,,,,,,Tokyo,JP,22.2,2.06,Clouds,broken clouds,62,1018,75,35.6895,139.6917,openweather,,,
weather,OpenWeather - Shanghai,2026-05-24,Weather - Shanghai,shower rain,,,,,,Shanghai,CN,23.92,6,Rain,shower rain,94,1007,75,31.2222,121.4581,openweather,,,
weather,OpenWeather - Singapore,2026-05-24,Weather - Singapore,broken clouds,,,,,,Singapore,SG,33.01,1.03,Clouds,broken clouds,63,1013,75,1.2897,103.8501,openweather,,,
weather,OpenWeather - Hong Kong,2026-05-24,Weather - Hong Kong,overcast clouds,,,,,,Hong Kong,HK,30.54,5.81,Clouds,overcast clouds,71,1010,94,22.2855,114.1577,openweather,,,
weather,OpenWeather - Sydney,2026-05-24,Weather - Sydney,overcast clouds,,,,,,Sydney,AU,19.79,2.46,Clouds,overcast clouds,75,1023,100,-33.8679,151.2073,openweather,,,
weather,OpenWeather - Dubai,2026-05-24,Weather - Dubai,clear sky,,,,,,Dubai,AE,26.96,3.09,Clear,clear sky,65,1008,0,25.2582,55.3047,openweather,,,
social,HackerNews,2021-12-05,Crohn’s Disease: Is the Cold Chain Hypothesis Still Hot?,Link: https://academic.oup.com/ecco-jcc/article/15/4/678/5908865,https://academic.oup.com/ecco-jcc/article/15/4/678/5908865,fnord77,,,,,,,,,,,,,,,hackernews,29453808,276,294
social,HackerNews,2016-04-23,Apply HN: Hacking Mental Health,"PROBLEM<p>People sometimes become depressed, or develop other serious mental conditions. The mental health establishment precisely diagnoses patients’ symptoms using the meaningless labels in the DSM-",https://news.ycombinator.com/item?id=11555863,tcj_phx,,,,,,,,,,,,,,,hackernews,11555863,4,7
social,HackerNews,2021-08-02,Ask HN: Which internet/website blocker do you use to stay focused?,"I find it a bit hard to stay concentrated when I know that procrastination is just one new-tab away. Currently I use Cold Turkey to help with that, but always wanted something more customizable. As su",https://news.ycombinator.com/item?id=28039662,nathan_phoenix,,,,,,,,,,,,,,,hackernews,28039662,4,5
social,HackerNews,2017-06-07,How Cold Brew Changed the Coffee Business,Link: https://www.nytimes.com/2017/06/05/dining/cold-brew-coffee.html,https://www.nytimes.com/2017/06/05/dining/cold-brew-coffee.html,david90,,,,,,,,,,,,,,,hackernews,14504005,39,52
social,HackerNews,2021-10-02,‘A perfect storm’: supply chain crisis could blow world economy off course,Link: https://www.theguardian.com/business/2021/oct/02/supply-chain-world-economy-energy-labour-transport-covid,https://www.theguardian.com/business/2021/oct/02/supply-chain-world-economy-energy-labour-transport-,HiroProtagonist,,,,,,,,,,,,,,,hackernews,28731301,39,17
social,HackerNews,2023-01-30,Ask HN: Do you have any experience asking to be down-leveled at $Corporate_Job?,"I am in my mid 30s. I have been working in tech for about 15 years and I have decided that it is time for me to work on my exit from the industry. I have enough money, I see burnout in my future, and ",https://news.ycombinator.com/item?id=34587220,zwkrt,,,,,,,,,,,,,,,hackernews,34587220,32,31
social,HackerNews,2021-02-14,Ask HN: How to get first 10 paying customers?,My own network is not tech savvy or suitable to try my product. I am digging up cold emails but chance of success is pretty low.<p>My product is partially complete. Before I invest further time and di,https://news.ycombinator.com/item?id=26134790,usersys,,,,,,,,,,,,,,,hackernews,26134790,25,20
social,HackerNews,2024-01-30,Ask HN: Do NFTs require crypto – fiat only model,"I’m a novice in the crypto and block chain space, and trying to see if NFTs can exist outside crypto markets  (working on a paper for a friend). I think if NFTs were running on an independent block ch",https://news.ycombinator.com/item?id=39184978,nytesky,,,,,,,,,,,,,,,hackernews,39184978,6,18
social,HackerNews,2022-10-11,"Ask HN: Has a 4 core CPU with a ""T"" core layout been made?","If not, why not? It seems optimal when attempting to layout in 2D a 4 core CPU cluster with each of the cores directly connected to one another - above the top of the &quot;T&quot; would have a link t",https://news.ycombinator.com/item?id=33158961,downvotetruth,,,,,,,,,,,,,,,hackernews,33158961,6,8
social,HackerNews,2026-03-10,Anthropic sues Pentagon claiming supply chain risk label could cost billions,Link: https://www.ft.com/content/af404e0a-7abc-49bc-9584-cd4690152f86,https://www.ft.com/content/af404e0a-7abc-49bc-9584-cd4690152f86,Jimmc414,,,,,,,,,,,,,,,hackernews,47317608,6,9
social,HackerNews,2026-04-16,Ask HN: How did you get your first users with zero audience?,"Solo developer, no audience, no network, no community presence.I&#x27;ve shipped working products (open-source) but every distribution channel has a cold start problem. you need traction to get tracti",https://news.ycombinator.com/item?id=47800507,arikusi,,,,,,,,,,,,,,,hackernews,47800507,20,21
social,HackerNews,2024-05-23,Show HN: Open-source real time data framework for LLM applications,"Hey HN, I am the founder of Tensorlake. Prototyping LLM applications have become a lot easier, building decision making LLM applications that work on constantly updating data is still very challenging",https://getindexify.ai,diptanu,,,,,,,,,,,,,,,hackernews,40458923,92,6
social,HackerNews,2025-01-21,Show HN: A Product Hunt alternative where products DON'T compete with each other,"I am an indie hacker and have been launching my products on Product Hunt. Like many of you here, my experience with PH sucked: Lots of bots. Hard to compete.<p>There&#x27;s also been many new launch p",https://saascurate.com/,FilipPanoski,,,,,,,,,,,,,,,hackernews,42781031,19,17
social,HackerNews,2013-11-28,Ask HN: Would you use Bitcoins backed by the US Treasury?,"I am wondering, it is possible for the US Treasury to start a Bitcoin Network using an Alternative Chain [1]?<p>If they could and they backed each of their Bitcoins with the full faith and credit of o",https://news.ycombinator.com/item?id=6812692,stevewilhelm,,,,,,,,,,,,,,,hackernews,6812692,8,7
social,HackerNews,2021-05-28,Ask HN: How do you determine what your customers/market want?, I&#x27;ve been working on this model deployment&#x2F;hosting platform for a while now and we&#x27;ve gotten a hundred sign ups already which is at least some validation for the idea. The vision that ,https://news.ycombinator.com/item?id=27312632,RamonMamon,,,,,,,,,,,,,,,hackernews,27312632,6,10
social,HackerNews,2011-06-07,It's 2am. Do you know if your SSL certs are throwing warnings?,"I am testing my site on BrowserShots (no affiliation) and my success rate is not high:<p><pre><code>  http://browsershots.org/https://secure.sproutrobot.com/
</code></pre>
I don't have any warnings on",https://news.ycombinator.com/item?id=2627880,erikpukinskis,,,,,,,,,,,,,,,hackernews,2627880,5,5
social,HackerNews,2022-09-28,Ask HN: Companies giving access to personal data on public URLs,"Industry standards - Companies giving access to sensitive personal data (contracts, photos) on publicly accessible URLs.<p>I&#x27;ve recently come across the same issue twice, with major companies, so",https://news.ycombinator.com/item?id=33006441,krackout,,,,,,,,,,,,,,,hackernews,33006441,4,6
social,HackerNews,2022-09-14,A Rail Strike Could Wreak Havoc on the American Supply Chain,Link: https://www.nytimes.com/2022/09/14/business/freight-rail-strike-supply-chain.html,https://www.nytimes.com/2022/09/14/business/freight-rail-strike-supply-chain.html,jrochkind1,,,,,,,,,,,,,,,hackernews,32842657,14,13
social,HackerNews,2017-07-20,Ask HN: How to tell someone they are not doing well at work?,"What is a good (or the least bad) way to informally tell someone who does <i>not</i> report to you that they are not doing well at work? Should one even try?<p>On the one hand, I would like to limit t",https://news.ycombinator.com/item?id=14812089,ptero,,,,,,,,,,,,,,,hackernews,14812089,60,52
social,HackerNews,2011-04-06,Show HN: Dripi.com - A little web app that won a Google I/O ticket,"http://dripi.com<p>I thought I'd share my winning entry to the Google I/O last call competition with ya'll.<p>Took me about 9 hours, which seems like a lot looking at it now (my only excuse is that it",https://news.ycombinator.com/item?id=2413603,MatthewRayfield,,,,,,,,,,,,,,,hackernews,2413603,10,6
social,HackerNews,2021-10-14,"Canada imposes Covid-19 vaccine mandate on federal workers, transportation",Link: https://www.reuters.com/world/americas/unvaccinated-federal-workers-canada-will-be-put-unpaid-leave-globe-mail-2021-10-06/,https://www.reuters.com/world/americas/unvaccinated-federal-workers-canada-will-be-put-unpaid-leave-,begoon,,,,,,,,,,,,,,,hackernews,28871809,44,137
social,HackerNews,2026-05-23,Show HN: I built a RAG and knowledge graph agent that runs locally,"Claw-Coder is an AI agent that runs locally on your laptop and has access to powerful tools instead of configuring claude or codex to use a local model just use claw-coder.
Why was claw-coder created?",https://news.ycombinator.com/item?id=48248801,gabriel_oauth,,,,,,,,,,,,,,,hackernews,48248801,7,7
social,HackerNews,2023-02-20,Ask HN: What are the logistics of AGI surviving without humans?,A lot of us have been pondering AI risks recently given the speed of recent developments in the field.<p>I&#x27;ve recently been watching and in some cases rewatching various Hollywood depictions of A,https://news.ycombinator.com/item?id=34872283,barking_biscuit,,,,,,,,,,,,,,,hackernews,34872283,4,11
social,HackerNews,2015-02-14,Ask HN: Figuring out logistics for a personalized gift box,I take care of logistic at www.spoil.co at YCW15 company and wanted the input of HN on our biggest hurdle at the moment.<p>We run a personalize gift box service. This means that all our boxes need at ,https://news.ycombinator.com/item?id=9048459,cegascon,,,,,,,,,,,,,,,hackernews,9048459,3,5
social,HackerNews,2022-06-01,"Show HN: A friend and I spent 6 years making a simulation game, finally released","I&#x27;ve seen some interests in (simulation) video games here on HN so I thought I&#x27;d share a short version of our story.<p>More than 6 years ago, me and my friend from university were playing ar",https://news.ycombinator.com/item?id=31586833,iliketrains,,,,,,,,,,,,,,,hackernews,31586833,1157,279
social,HackerNews,2022-03-23,Launch HN: Charge Robotics (YC S21) - Robots that build solar farms,"Hi HN! We are Banks Hunter and Max Justicz, founders of Charge Robotics. We make robots to automate the most labor-intensive parts of solar construction.<p>We just got back from our first demo on a 15",https://news.ycombinator.com/item?id=30780455,justicz,,,,,,,,,,,,,,,hackernews,30780455,169,81
social,HackerNews,2022-06-22,Launch HN: Astro (YC W21) – Build your own dev teams in Latin America,"Howdy HN! We’re Jacqueline and Frank from Astro (<a href=""https:&#x2F;&#x2F;www.tryastro.com&#x2F;"" rel=""nofollow"">https:&#x2F;&#x2F;www.tryastro.com&#x2F;</a>). We’re a platform that gives you access",https://news.ycombinator.com/item?id=31838764,FrankLicea,,,,,,,,,,,,,,,hackernews,31838764,164,142
social,HackerNews,2025-05-06,Show HN: Plexe – ML Models from a Prompt,"Hey HN! We’re Vaibhav and Marcello. We’re building Plexe (<a href=""https:&#x2F;&#x2F;github.com&#x2F;plexe-ai&#x2F;plexe"">https:&#x2F;&#x2F;github.com&#x2F;plexe-ai&#x2F;plexe</a>), an open-source age",https://github.com/plexe-ai/plexe,vaibhavdubey97,,,,,,,,,,,,,,,hackernews,43906346,130,49
social,HackerNews,2023-08-17,Show HN: Strich – Barcode scanning for web apps,"Hi, I&#x27;m Alex - the creator of STRICH (<a href=""https:&#x2F;&#x2F;strich.io"" rel=""nofollow noreferrer"">https:&#x2F;&#x2F;strich.io</a>), a barcode scanning library for web apps.
Barcode scanning i",https://strich.io,alex_suzuki,,,,,,,,,,,,,,,hackernews,37161184,78,63
social,HackerNews,2020-03-11,Launch HN: Terusama (YC W20) – We help warehouses schedule trucks,"Hi HN, Andrew and Chris here. We’re building Terusama
(<a href=""https:&#x2F;&#x2F;www.terusama.com"" rel=""nofollow"">https:&#x2F;&#x2F;www.terusama.com</a>), a truck appointment system for logistics
tea",https://news.ycombinator.com/item?id=22550539,adenta,,,,,,,,,,,,,,,hackernews,22550539,69,26
social,HackerNews,2009-02-23,YC Applicants: Q&A with Abby and Ivan Kirigin of Tipjoy,"I have recently exchanged Q&#38;A emails with Ivan Kirigin, the founder of tipjoy.com, about his experiences being in the Y Combinator. I want to really thank Ivan and Abby for replying all these ques",https://news.ycombinator.com/item?id=491374,releasedatez,,,,,,,,,,,,,,,hackernews,491374,69,10
social,HackerNews,2009-04-24,Ask HN: Please trash my business plan (non-tech),"This is a television show I have become involved with. My expertise is on the production &#38; post production side - the logistics of planning, shooting editing and delivering video. Business and rai",http://docs.google.com/Doc?id=dd93s8qb_49gb92tngq,anigbrowl,,,,,,,,,,,,,,,hackernews,577166,13,20
social,HackerNews,2025-06-03,Show HN: GribStream – Query Weather Forecasts Like a Database,"Hey HN,<p>I shared GribStream here a while ago when it was just a NOAA forecast API. 
It’s grown into something bigger: a full weather data archive you can query just like a database, by time (with as",https://gribstream.com/video?fromTime=2024-10-08T00:00:00Z&UntilTime=2024-10-12T00:00:00Z&name=WIND&,ElPeque,,,,,,,,,,,,,,,hackernews,44169630,13,8
social,HackerNews,2024-11-30,Should I worry about being targeted in China as a small hardware startup owner?,I&#x27;m going to China tomorrow and have already prepared a laptop and phone which I plan to keep just for work trips abroad. I&#x27;m the owner of a small hardware startup (less than $1m revenue per,https://news.ycombinator.com/item?id=42278349,brazed_blotch,,,,,,,,,,,,,,,hackernews,42278349,12,7
social,HackerNews,2021-12-15,Crazy self-spreading vaccine idea,"New pandemics are a given. So I am thinking of potential defense mechanisms against new viruses.<p>If a new virus appears, how crazy would it be to quickly create a super spreading stable virus that p",https://news.ycombinator.com/item?id=29565942,carlosbaraza,,,,,,,,,,,,,,,hackernews,29565942,5,12
social,HackerNews,2023-02-01,A manifesto on shower temperature control,Link: https://benholmen.com/blog/shower-temperature-control/,https://benholmen.com/blog/shower-temperature-control/,aarondf,,,,,,,,,,,,,,,hackernews,34611335,271,171
social,HackerNews,2024-03-28,Temperature control mugs tested,Link: https://www.seriouseats.com/best-temperature-control-mugs-5498744,https://www.seriouseats.com/best-temperature-control-mugs-5498744,walterbell,,,,,,,,,,,,,,,hackernews,39848828,35,45
social,HackerNews,2024-10-02,Ventilation and Temperature Control (1999) [pdf],Link: https://www.ashrae.org/file%20library/about/mission%20and%20vision/ashrae%20and%20industry%20history/the-history-of-ventilation-and-temperature-control.pdf,https://www.ashrae.org/file%20library/about/mission%20and%20vision/ashrae%20and%20industry%20history,userbinator,,,,,,,,,,,,,,,hackernews,41717183,13,6
social,HackerNews,2015-04-07,Meld: precision temperature control for your stove,Link: https://www.kickstarter.com/projects/meld/meld-a-perfect-meal-every-time?ref=hero_thanks,https://www.kickstarter.com/projects/meld/meld-a-perfect-meal-every-time?ref=hero_thanks,mingfli,,,,,,,,,,,,,,,hackernews,9337262,10,9
social,HackerNews,2026-01-06,Ask HN: Why are LLM's made intentionally non-deterministic?,Just found out that the main factor that introduces non-determinism in LLM&#x27;s answers is the so called temperature that adds variation (&quot;creativity&quot;) into selecting the winning token eac,https://news.ycombinator.com/item?id=46509291,mojuba,,,,,,,,,,,,,,,hackernews,46509291,5,5
social,HackerNews,2024-11-19,Prusa CORE One: Our new fully-enclosed CoreXY 3D printer,Link: https://blog.prusa3d.com/introducing-prusa-core-one-fully-enclosed-corexy-3d-printer-with-active-temperature-control_105477/,https://blog.prusa3d.com/introducing-prusa-core-one-fully-enclosed-corexy-3d-printer-with-active-tem,hactually,,,,,,,,,,,,,,,hackernews,42188368,75,27
social,HackerNews,2025-09-29,"Ask HN: Should LLMs have a ""Candor"" slider that says ""no, that's a bad idea""?","I don’t want a “nice” AI. I want one that says: “Nope, that&#x27;s a bad idea.”<p>That is, I want a &quot;Candor&quot; control, like temperature but for willingness to push back.<p>When candor is high",https://news.ycombinator.com/item?id=45410363,mikebiglan,,,,,,,,,,,,,,,hackernews,45410363,3,9
social,HackerNews,2020-10-13,Ask HN: Best HVAC system for a new house?,"I know nothing about building houses. I&#x27;ve never even bought a house. However, we bought some land, got an architect to draft up some custom plans, now we&#x27;re in the bidding phase.<p>What sor",https://news.ycombinator.com/item?id=24761793,dhruvkar,,,,,,,,,,,,,,,hackernews,24761793,91,78
social,HackerNews,2023-08-28,Ask HN: Does anyone here struggle with body heat in regards to falling asleep?,"Here&#x27;s my problem: My body gets really hot when I try to sleep and it prevents me from falling asleep. I don&#x27;t sweat, but I just feel really hot, and it prevents me from falling asleep. It d",https://news.ycombinator.com/item?id=37290279,dottjt,,,,,,,,,,,,,,,hackernews,37290279,3,9
social,HackerNews,2023-03-13,Launch HN: Electric Air (YC W23) – Heat pump sold directly to homeowners,"Hi HN! I’m Chris Mui, founder of Electric Air (<a href=""https:&#x2F;&#x2F;electricair.io"">https:&#x2F;&#x2F;electricair.io</a>). We’re building a residential heat pump system. This will be an all-elec",https://news.ycombinator.com/item?id=35138319,cmui,,,,,,,,,,,,,,,hackernews,35138319,927,789
social,HackerNews,2017-03-22,Launch HN: Sudden Coffee (YC W17) – Instant coffee that doesn't suck,"Hey HN! I’m Kalle, one of the founders at Sudden Coffee (<a href=""https:&#x2F;&#x2F;www.suddencoffee.com"" rel=""nofollow"">https:&#x2F;&#x2F;www.suddencoffee.com</a>). We make instant coffee and sell it",https://news.ycombinator.com/item?id=13934624,freese,,,,,,,,,,,,,,,hackernews,13934624,301,376
social,HackerNews,2025-04-16,Show HN: Plandex v2 – open source AI coding agent for large projects and tasks,"Hey HN! I’m Dane, the creator of Plandex (<a href=""https:&#x2F;&#x2F;github.com&#x2F;plandex-ai&#x2F;plandex"">https:&#x2F;&#x2F;github.com&#x2F;plandex-ai&#x2F;plandex</a>), an open source AI coding a",https://github.com/plandex-ai/plandex,danenania,,,,,,,,,,,,,,,hackernews,43710576,257,81
social,HackerNews,2025-06-24,"Show HN: Oasis – An open-source, 3D-printed smart terrarium","See the website for a demo video: <a href=""https:&#x2F;&#x2F;oasis-terrarium.com"" rel=""nofollow"">https:&#x2F;&#x2F;oasis-terrarium.com</a><p>This project is an enclosure for growing plants. Features i",https://github.com/justbuchanan/oasis,jbuch,,,,,,,,,,,,,,,hackernews,44366395,141,18
social,HackerNews,2023-03-06,Launch HN: Vellum (YC W23) – Dev Platform for LLM Apps,"Hi HN – Noa, Akash, and Sidd here. We’re building Vellum (<a href=""https:&#x2F;&#x2F;www.vellum.ai"">https:&#x2F;&#x2F;www.vellum.ai</a>), a developer platform for building on LLMs like OpenAI’s GPT-3 ",https://news.ycombinator.com/item?id=35042836,noaflaherty,,,,,,,,,,,,,,,hackernews,35042836,136,40
social,HackerNews,2022-09-29,Ask HN: Has the Apple Silicon excessive disk read/write issue been fixed?,"This was a discussion when M1 macbooks were launched, and Apple supposedly addressed it in an OS update (macOS 11.4).<p>But I&#x27;m seeing really high read&#x2F;write numbers. I&#x27;m aware that SSD",https://news.ycombinator.com/item?id=33024863,cool_hw,,,,,,,,,,,,,,,hackernews,33024863,125,135
